Shop,City,Street,Item,DateTime,Price
Lidl,New York,Freedom,Bread - Granary Small Pull,2020-04-25T10:32:16Z,"€64,90"
Kwiki Mart,Brussels,Laisves,"Wine - White, Pinot Grigio",2020-04-13T18:57:32Z,"€92,70"
Playtech,London,Freedom,Beans - Yellow,2020-04-25T18:48:52Z,"€29,08"
Aibe,Brussels,George's,Halibut - Steaks,2020-04-07T02:30:45Z,"€63,73"
Kwiki Mart,New York,George's,Onions - Cippolini,2020-04-14T23:54:44Z,"€3,38"
Lidl,New York,Laisves,Pork - Liver,2020-04-16T23:48:35Z,"€31,41"
Kwiki Mart,Brussels,Freedom,"Bread - White, Unsliced",2020-04-29T07:20:40Z,"€20,76"
Playtech,New York,Freedom,Bandage - Fexible 1x3,2020-04-04T14:18:06Z,"€42,52"
Ebay,New York,Laisves,Red Cod Fillets - 225g,2020-04-03T21:40:56Z,"€65,68"
Playtech,Brussels,Laisves,Appetizer - Chicken Satay,2020-04-25T16:14:04Z,"€81,03"
Playtech,New York,Laisves,Alize Red Passion,2020-04-17T18:59:38Z,"€35,78"
Wallmart,London,Laisves,Bread - Hamburger Buns,2020-04-24T11:57:53Z,"€81,65"
Lidl,London,Laisves,Lamb - Ground,2020-04-12T10:25:38Z,"€14,06"
Ebay,New York,Freedom,Rice - Wild,2020-04-12T16:51:25Z,"€98,53"
Ebay,New York,Laisves,Oven Mitts 17 Inch,2020-04-06T17:34:02Z,"€61,48"
Lidl,Brussels,George's,"Beef - Tenderlion, Center Cut",2020-04-12T11:40:07Z,"€21,02"
Ebay,Brussels,George's,"Plate - Foam, Bread And Butter",2020-04-04T17:45:12Z,"€61,94"
Wallmart,New York,Freedom,"Pasta - Penne Primavera, Single",2020-04-22T12:33:20Z,"€45,16"
Ebay,Brussels,Freedom,Wine - Blue Nun Qualitatswein,2020-04-02T07:15:05Z,"€32,52"
Ebay,London,George's,"Soup - Cream Of Broccoli, Dry",2020-04-25T07:01:07Z,"€72,78"
Playtech,Brussels,Freedom,Lettuce - Curly Endive,2020-04-12T13:30:45Z,"€8,26"
Kwiki Mart,London,George's,Wine - Toasted Head,2020-04-29T11:24:59Z,"€29,60"
Playtech,Brussels,George's,Potatoes - Idaho 80 Count,2020-04-03T10:43:55Z,"€71,96"
Kwiki Mart,Brussels,Freedom,Tea - Herbal Orange Spice,2020-04-18T16:42:14Z,"€67,66"
Aibe,London,Freedom,"Iced Tea - Lemon, 460 Ml",2020-04-22T10:18:57Z,"€24,81"
Playtech,Brussels,George's,"Pork - Loin, Boneless",2020-04-09T17:16:39Z,"€48,01"
Kwiki Mart,Brussels,Freedom,"Turkey - Breast, Boneless Sk On",2020-04-28T17:34:40Z,"€23,59"
Ebay,Brussels,Freedom,Pasta - Fusili Tri - Coloured,2020-04-10T15:38:11Z,"€52,73"
Wallmart,London,George's,Chicken - Whole Fryers,2020-04-28T15:06:58Z,"€25,34"
Ebay,New York,George's,Appetizer - Chicken Satay,2020-04-27T11:45:28Z,"€63,06"
Ebay,New York,Freedom,Cookie Trail Mix,2020-04-20T03:37:25Z,"€25,85"
Playtech,New York,George's,Filter - Coffee,2020-04-20T17:28:34Z,"€6,86"
Kwiki Mart,Brussels,Freedom,Bread - Olive Dinner Roll,2020-04-11T08:48:29Z,"€20,98"
Wallmart,London,Freedom,Flour - Pastry,2020-04-27T16:19:29Z,"€18,60"
Playtech,London,George's,"Tendrils - Baby Pea, Organic",2020-04-06T17:18:00Z,"€28,85"
Lidl,London,Freedom,Water - Perrier,2020-04-23T19:58:44Z,"€51,75"
Aibe,New York,Freedom,Star Fruit,2020-04-10T00:54:28Z,"€92,52"
Lidl,New York,George's,Devonshire Cream,2020-04-01T16:21:42Z,"€19,89"
Wallmart,New York,Laisves,Lettuce - Treviso,2020-04-08T15:37:06Z,"€80,80"
Wallmart,London,Laisves,Sauce - Caesar Dressing,2020-04-11T19:25:29Z,"€64,22"
Wallmart,New York,Freedom,Beer - Original Organic Lager,2020-04-17T23:33:09Z,"€85,42"
Ebay,London,George's,Carrots - Jumbo,2020-04-27T16:35:59Z,"€45,79"
Lidl,Brussels,Freedom,Bread Country Roll,2020-04-03T03:41:44Z,"€24,60"
Aibe,New York,Laisves,Smoked Tongue,2020-04-28T02:10:22Z,"€46,04"
Ebay,New York,Laisves,Kiwi,2020-04-08T07:10:26Z,"€8,71"
Ebay,Brussels,Freedom,Cookie - Dough Variety,2020-04-12T05:32:37Z,"€78,85"
Ebay,London,Laisves,Ham - Cooked,2020-04-04T02:33:47Z,"€24,28"
Playtech,Brussels,Freedom,Silicone Parch. 16.3x24.3,2020-04-12T09:16:15Z,"€5,85"
Playtech,London,Freedom,Soup Campbells Beef With Veg,2020-04-08T20:50:33Z,"€92,19"
Ebay,New York,George's,Soup - Cream Of Potato / Leek,2020-04-06T22:35:18Z,"€78,04"
Ebay,New York,Laisves,"Artichoke - Hearts, Canned",2020-04-21T01:24:55Z,"€86,72"
Ebay,London,Freedom,Chips - Assorted,2020-04-14T10:30:22Z,"€17,61"
Kwiki Mart,Brussels,Laisves,"Pork - Butt, Boneless",2020-04-02T20:22:36Z,"€98,57"
Kwiki Mart,Brussels,Laisves,"Juice - Apple, 1.36l",2020-04-23T00:20:12Z,"€81,88"
Playtech,New York,George's,"Soup - Knorr, Chicken Noodle",2020-04-22T03:01:10Z,"€73,04"
Wallmart,Brussels,Laisves,Bonito Flakes - Toku Katsuo,2020-04-04T02:00:32Z,"€36,06"
Playtech,London,George's,Extract - Almond,2020-04-17T08:02:56Z,"€21,74"
Wallmart,London,Laisves,"Cup - 3.5oz, Foam",2020-04-04T11:34:16Z,"€81,13"
Wallmart,London,Laisves,Berry Brulee,2020-04-16T07:25:16Z,"€82,65"
Playtech,New York,Freedom,Teriyaki Sauce,2020-04-25T00:31:06Z,"€46,14"
Aibe,Brussels,Laisves,Calypso - Strawberry Lemonade,2020-04-13T08:19:28Z,"€96,00"
Aibe,Brussels,Laisves,"Wine - White, Colubia Cresh",2020-04-19T15:01:38Z,"€38,49"
Lidl,Brussels,George's,Lettuce - Escarole,2020-04-04T12:28:07Z,"€98,65"
Wallmart,Brussels,Laisves,Yams,2020-04-24T05:01:53Z,"€60,58"
Wallmart,Brussels,Laisves,Sugar - Splenda Sweetener,2020-04-07T15:30:15Z,"€50,61"
Lidl,Brussels,Freedom,Garlic Powder,2020-04-03T23:28:55Z,"€85,46"
Aibe,London,Freedom,Relish,2020-04-12T08:22:04Z,"€54,70"
Wallmart,New York,George's,Cheese Cloth No 60,2020-04-25T05:28:04Z,"€22,31"
Aibe,Brussels,George's,Muffin - Mix - Strawberry Rhubarb,2020-04-01T22:31:56Z,"€90,54"
Ebay,New York,Freedom,Veal - Liver,2020-04-07T00:20:32Z,"€36,90"
Playtech,London,George's,Vinegar - Balsamic,2020-04-06T20:22:29Z,"€92,13"
Ebay,New York,Laisves,"Brownies - Two Bite, Chocolate",2020-04-08T00:42:25Z,"€24,27"
Lidl,New York,Laisves,Bread - Kimel Stick Poly,2020-04-09T20:38:42Z,"€73,87"
Lidl,London,George's,Vinegar - Champagne,2020-04-03T14:15:28Z,"€37,54"
Kwiki Mart,New York,George's,"Turkey - Breast, Bone - In",2020-04-25T17:27:42Z,"€65,92"
Kwiki Mart,Brussels,George's,Bread - Olive,2020-04-06T11:08:07Z,"€46,63"
Kwiki Mart,New York,Laisves,Yoghurt Tubes,2020-04-05T03:57:13Z,"€78,61"
Lidl,London,Laisves,Wine - Shiraz Wolf Blass Premium,2020-04-02T07:13:09Z,"€64,47"
Kwiki Mart,London,Laisves,Bagelers,2020-04-29T12:05:33Z,"€90,17"
Playtech,London,Freedom,Southern Comfort,2020-04-01T09:56:23Z,"€25,13"
Wallmart,Brussels,George's,"Rice Pilaf, Dry,package",2020-04-22T02:23:45Z,"€97,68"
Ebay,London,George's,"Lettuce - Romaine, Heart",2020-04-19T03:32:11Z,"€29,41"
Lidl,Brussels,Laisves,Lettuce - Belgian Endive,2020-04-23T14:50:05Z,"€55,81"
Lidl,New York,Laisves,Beer - Maudite,2020-04-15T00:25:30Z,"€33,12"
Aibe,New York,Freedom,"Beets - Candy Cane, Organic",2020-04-18T12:59:28Z,"€41,65"
Wallmart,New York,Laisves,Seedlings - Clamshell,2020-04-10T21:44:57Z,"€65,49"
Playtech,New York,Laisves,Pastry - Apple Muffins - Mini,2020-04-10T18:31:00Z,"€81,94"
Kwiki Mart,London,George's,"Beef - Outside, Round",2020-04-02T06:37:47Z,"€2,43"
Aibe,London,George's,Beef - Texas Style Burger,2020-04-07T15:40:28Z,"€82,84"
Lidl,New York,George's,Wine - Prem Select Charddonany,2020-04-25T23:18:03Z,"€13,75"
Playtech,New York,Laisves,Sauce - Chili,2020-04-13T20:26:21Z,"€83,55"
Playtech,Brussels,Laisves,Mcgillicuddy Vanilla Schnap,2020-04-15T01:06:07Z,"€51,08"
Aibe,London,Laisves,Oil - Cooking Spray,2020-04-06T06:44:54Z,"€3,38"
Lidl,London,George's,Fond - Chocolate,2020-04-04T13:19:30Z,"€85,59"
Kwiki Mart,Brussels,Laisves,Urban Zen Drinks,2020-04-08T20:21:41Z,"€58,64"
Ebay,London,Laisves,Pie Filling - Pumpkin,2020-04-21T06:02:33Z,"€31,94"
Lidl,New York,Freedom,Sword Pick Asst,2020-04-15T15:00:54Z,"€25,22"
Ebay,New York,Laisves,Wine - Savigny - Les - Beaune,2020-04-29T16:04:17Z,"€80,25"
Kwiki Mart,New York,George's,Shrimp - Prawn,2020-04-09T10:28:46Z,"€97,09"
Lidl,Brussels,Laisves,V8 - Vegetable Cocktail,2020-04-11T13:45:26Z,"€63,96"
Aibe,Brussels,Freedom,Cranberries - Frozen,2020-04-18T12:33:39Z,"€33,27"
Wallmart,New York,Laisves,"Wine - White, Gewurtzraminer",2020-04-05T03:08:12Z,"€89,33"
Playtech,Brussels,Laisves,Venison - Liver,2020-04-10T00:02:52Z,"€75,75"
Kwiki Mart,New York,George's,"Pasta - Spaghetti, Dry",2020-04-14T18:25:03Z,"€3,79"
Wallmart,New York,George's,Tamarind Paste,2020-04-23T13:02:55Z,"€6,20"
Lidl,Brussels,Laisves,Scallops - U - 10,2020-04-15T02:11:37Z,"€63,05"
Kwiki Mart,New York,Freedom,Burger Veggie,2020-04-02T07:21:06Z,"€57,53"
Ebay,New York,Laisves,Syrup - Chocolate,2020-04-06T02:36:28Z,"€62,93"
Ebay,London,George's,Beef - Ox Tongue,2020-04-18T02:56:24Z,"€4,24"
Playtech,Brussels,Freedom,Chips - Doritos,2020-04-26T21:15:19Z,"€51,05"
Wallmart,New York,Freedom,Bananas,2020-04-12T13:26:07Z,"€7,22"
Wallmart,New York,Laisves,Bread Ww Cluster,2020-04-24T11:42:54Z,"€48,78"
Kwiki Mart,Brussels,Freedom,Mushroom - White Button,2020-04-06T15:33:06Z,"€92,67"
Ebay,Brussels,Freedom,Quinoa,2020-04-22T16:18:42Z,"€63,35"
Aibe,Brussels,Laisves,Cinnamon - Stick,2020-04-01T04:13:00Z,"€59,36"
Playtech,New York,Freedom,Turkey Leg With Drum And Thigh,2020-04-20T02:51:06Z,"€22,12"
Aibe,New York,Laisves,Puree - Mocha,2020-04-09T20:42:29Z,"€54,07"
Aibe,London,George's,Toamtoes 6x7 Select,2020-04-16T19:36:10Z,"€25,40"
Ebay,London,George's,Beer - Camerons Auburn,2020-04-23T21:05:59Z,"€23,08"
Ebay,New York,Freedom,Scallops - In Shell,2020-04-15T08:01:00Z,"€97,21"
Lidl,Brussels,George's,Lettuce - Spring Mix,2020-04-07T21:56:58Z,"€65,08"
Playtech,London,Freedom,Beer - Upper Canada Light,2020-04-10T17:20:07Z,"€99,98"
Aibe,New York,Laisves,Kirsch - Schloss,2020-04-06T09:07:51Z,"€91,23"
Aibe,London,Freedom,"Peas - Pigeon, Dry",2020-04-10T02:32:33Z,"€14,90"
Lidl,New York,Laisves,Sauce - Demi Glace,2020-04-09T18:01:10Z,"€44,85"
Playtech,New York,Laisves,Tea - Green,2020-04-09T14:59:52Z,"€89,06"
Kwiki Mart,New York,Laisves,"Bread - Roll, Whole Wheat",2020-04-26T08:01:46Z,"€60,93"
Aibe,London,Freedom,Wine - Delicato Merlot,2020-04-02T07:21:46Z,"€38,39"
Wallmart,Brussels,Freedom,Waffle Stix,2020-04-18T15:17:44Z,"€56,13"
Kwiki Mart,New York,Freedom,Juice Peach Nectar,2020-04-13T09:58:46Z,"€31,70"
Wallmart,New York,Freedom,Fennel,2020-04-13T03:05:23Z,"€22,68"
Wallmart,New York,George's,Laundry - Bag Cloth,2020-04-17T12:57:45Z,"€75,66"
Ebay,London,Freedom,Hummus - Spread,2020-04-24T16:31:10Z,"€96,39"
Playtech,London,Laisves,Corn Meal,2020-04-05T02:25:03Z,"€21,27"
Aibe,London,Laisves,Spinach - Packaged,2020-04-25T03:24:25Z,"€76,47"
Playtech,Brussels,Freedom,"Chocolate - Pistoles, White",2020-04-03T08:22:32Z,"€8,10"
Ebay,New York,Laisves,Apples - Sliced / Wedge,2020-04-20T06:27:15Z,"€14,50"
Ebay,London,Freedom,Sachet,2020-04-11T13:15:36Z,"€95,80"
Playtech,London,Freedom,Pork - Smoked Back Bacon,2020-04-25T20:49:37Z,"€56,94"
Lidl,London,George's,Island Oasis - Strawberry,2020-04-16T00:47:39Z,"€91,10"
Lidl,London,Laisves,"Wine - Red, Lurton Merlot De",2020-04-13T22:51:04Z,"€95,49"
Wallmart,New York,George's,Lamb - Shoulder,2020-04-05T15:02:30Z,"€20,81"
Ebay,Brussels,Laisves,Longos - Grilled Chicken With,2020-04-14T11:21:01Z,"€70,18"
Wallmart,Brussels,Laisves,Water - San Pellegrino,2020-04-06T22:53:59Z,"€11,16"
Kwiki Mart,Brussels,Laisves,Extract - Raspberry,2020-04-11T19:45:09Z,"€29,64"
Wallmart,London,George's,Sausage - Andouille,2020-04-15T16:00:43Z,"€82,17"
Ebay,Brussels,George's,Pastry - Apple Large,2020-04-10T21:39:39Z,"€65,22"
Aibe,Brussels,Freedom,Rice - Jasmine Sented,2020-04-23T07:56:15Z,"€82,94"
Playtech,New York,Laisves,Creme De Menthe Green,2020-04-13T07:35:30Z,"€12,33"
Lidl,London,Freedom,Bacon Strip Precooked,2020-04-20T13:28:25Z,"€95,40"
Wallmart,Brussels,Freedom,Longos - Chicken Caeser Salad,2020-04-23T18:15:03Z,"€12,75"
Wallmart,New York,George's,Melon - Cantaloupe,2020-04-22T21:35:48Z,"€95,89"
Kwiki Mart,London,George's,Beer - Blue,2020-04-03T20:41:21Z,"€92,27"
Aibe,London,George's,Jam - Apricot,2020-04-23T08:39:48Z,"€81,92"
Lidl,New York,Laisves,"Chocolate - Pistoles, Lactee, Milk",2020-04-26T03:36:48Z,"€62,33"
Kwiki Mart,London,Laisves,"Pork - Bacon, Sliced",2020-04-20T01:24:53Z,"€98,42"
Lidl,New York,Freedom,"Rum - Light, Captain Morgan",2020-04-23T22:14:55Z,"€36,26"
Ebay,London,George's,Cheese - Fontina,2020-04-14T06:13:11Z,"€82,39"
Ebay,London,Laisves,Sour Puss Raspberry,2020-04-28T17:59:40Z,"€18,86"
Playtech,London,Laisves,"Cherries - Maraschino,jar",2020-04-04T23:09:30Z,"€28,67"
Lidl,New York,Laisves,Table Cloth 62x120 Colour,2020-04-07T15:12:40Z,"€9,75"
Aibe,New York,Laisves,Compound - Strawberry,2020-04-28T14:05:15Z,"€13,95"
Wallmart,Brussels,Laisves,Sambuca - Ramazzotti,2020-04-27T01:47:25Z,"€74,83"
Kwiki Mart,Brussels,Freedom,Cheese - Provolone,2020-04-04T17:20:53Z,"€25,28"
Aibe,New York,Freedom,Wine - Fat Bastard Merlot,2020-04-17T12:26:57Z,"€76,02"
Playtech,Brussels,Freedom,Everfresh Products,2020-04-16T06:56:43Z,"€24,23"
Playtech,Brussels,Freedom,Avocado,2020-04-17T18:07:13Z,"€45,75"
Ebay,New York,Laisves,Energy Drink Red Bull,2020-04-09T14:02:59Z,"€44,14"
Playtech,New York,George's,Blackberries,2020-04-24T17:39:16Z,"€2,28"
Kwiki Mart,New York,George's,Bread - 10 Grain,2020-04-02T17:34:21Z,"€46,94"
Ebay,Brussels,Laisves,Temperature Recording Station,2020-04-27T01:23:01Z,"€64,27"
Ebay,London,George's,Cake - Mini Cheesecake,2020-04-22T05:45:05Z,"€89,24"
Aibe,London,Freedom,Icecream - Dstk Strw Chseck,2020-04-04T05:18:48Z,"€98,18"
Kwiki Mart,New York,Laisves,Lettuce - Sea / Sea Asparagus,2020-04-24T05:09:11Z,"€88,61"
Wallmart,London,Laisves,Bread Ww Cluster,2020-04-09T22:35:17Z,"€56,09"
Playtech,Brussels,Freedom,French Pastries,2020-04-18T18:07:31Z,"€42,62"
Lidl,New York,George's,Chinese Lemon Pork,2020-04-17T22:56:53Z,"€70,71"
Aibe,London,Laisves,Flounder - Fresh,2020-04-14T08:54:58Z,"€88,32"
Ebay,Brussels,Freedom,"Mushroom - Porcini, Dry",2020-04-04T00:52:40Z,"€91,26"
Playtech,London,George's,Tea - Black Currant,2020-04-20T02:26:43Z,"€59,62"
Lidl,London,George's,Chicken Breast Wing On,2020-04-22T15:14:24Z,"€37,18"
Ebay,Brussels,Freedom,Cinnamon Rolls,2020-04-14T12:46:04Z,"€1,10"
Ebay,Brussels,Freedom,"Juice - Orange, 341 Ml",2020-04-26T19:12:42Z,"€95,52"
Aibe,Brussels,Laisves,Garbage Bags - Clear,2020-04-18T05:06:27Z,"€9,75"
Lidl,New York,Laisves,Chocolate - Chips Compound,2020-04-05T22:57:08Z,"€43,57"
Kwiki Mart,Brussels,George's,"Turkey - Breast, Double",2020-04-14T05:47:10Z,"€91,90"
Aibe,London,Freedom,Dish Towel,2020-04-16T17:09:02Z,"€57,39"
Playtech,London,Laisves,Tea - Mint,2020-04-11T07:00:03Z,"€43,77"
Playtech,Brussels,Freedom,Milk - Chocolate 250 Ml,2020-04-04T03:58:53Z,"€80,23"
Lidl,London,George's,Mushroom - Portebello,2020-04-17T06:11:50Z,"€87,95"
Lidl,London,George's,Lamb Leg - Bone - In Nz,2020-04-27T08:24:43Z,"€82,60"
Lidl,Brussels,Laisves,Chocolate - Feathers,2020-04-06T19:13:17Z,"€21,52"
Aibe,New York,George's,Beer - True North Lager,2020-04-24T00:59:47Z,"€3,54"
Aibe,New York,Freedom,Chocolate - Dark,2020-04-07T12:55:44Z,"€73,10"
Aibe,Brussels,Freedom,"Wine - Red, Gallo, Merlot",2020-04-01T18:55:34Z,"€12,89"
Playtech,London,Freedom,Shiratamako - Rice Flour,2020-04-09T12:29:00Z,"€40,60"
Kwiki Mart,New York,George's,Onions - Red,2020-04-12T13:55:10Z,"€74,00"
Aibe,Brussels,Freedom,Sour Puss - Tangerine,2020-04-15T16:28:27Z,"€74,28"
Lidl,London,George's,Table Cloth 81x81 Colour,2020-04-10T12:01:24Z,"€15,50"
Playtech,London,Laisves,Juice - Mango,2020-04-25T15:05:36Z,"€55,51"
Playtech,Brussels,George's,Table Cloth 54x54 White,2020-04-06T18:29:50Z,"€26,54"
Lidl,London,Laisves,Water - Spring Water 500ml,2020-04-07T22:01:51Z,"€8,02"
Ebay,London,Laisves,Chicken - White Meat With Tender,2020-04-21T21:23:57Z,"€87,13"
Lidl,New York,Laisves,"Coffee - Beans, Whole",2020-04-24T00:08:58Z,"€43,33"
Wallmart,Brussels,George's,Oats Large Flake,2020-04-14T04:32:06Z,"€26,01"
Aibe,London,Laisves,Appetizer - Mango Chevre,2020-04-15T04:10:29Z,"€29,22"
Lidl,London,Laisves,Beef - Tenderloin Tails,2020-04-04T20:59:51Z,"€12,78"
Wallmart,London,Freedom,Creme De Cacao White,2020-04-23T08:10:56Z,"€52,61"
Aibe,Brussels,Freedom,Chocolate - Feathers,2020-04-11T10:06:55Z,"€96,01"
Playtech,Brussels,Laisves,Coffee - Almond Amaretto,2020-04-29T08:17:20Z,"€93,97"
Wallmart,New York,Laisves,Chocolate Bar - Reese Pieces,2020-04-18T21:30:53Z,"€81,41"
Lidl,New York,Laisves,"Sauce - Black Current, Dry Mix",2020-04-12T03:22:17Z,"€20,21"
Aibe,New York,George's,Vacuum Bags 12x16,2020-04-16T18:41:16Z,"€48,21"
Wallmart,New York,George's,Chips Potato Reg 43g,2020-04-25T08:55:51Z,"€84,01"
Aibe,London,Laisves,Pail With Metal Handle 16l White,2020-04-12T14:02:49Z,"€44,84"
Kwiki Mart,London,Freedom,Icecream - Dstk Super Cone,2020-04-27T18:50:15Z,"€21,37"
Ebay,London,Laisves,Sprouts - Corn,2020-04-06T23:16:39Z,"€9,35"
Lidl,New York,Freedom,Filo Dough,2020-04-05T09:59:38Z,"€96,50"
Lidl,London,George's,Milk - 2% 250 Ml,2020-04-09T10:14:25Z,"€68,01"
Playtech,London,Laisves,Seaweed Green Sheets,2020-04-07T20:08:00Z,"€14,56"
Playtech,New York,George's,Wine - Cotes Du Rhone Parallele,2020-04-28T23:07:35Z,"€16,56"
Kwiki Mart,London,Freedom,Chocolate - Liqueur Cups With Foil,2020-04-14T18:09:07Z,"€99,82"
Aibe,New York,Freedom,Tarts Assorted,2020-04-24T01:27:27Z,"€68,64"
Ebay,New York,Laisves,Coffee - Dark Roast,2020-04-29T08:02:08Z,"€70,32"
Kwiki Mart,London,Laisves,Emulsifier,2020-04-29T20:35:16Z,"€80,53"
Wallmart,Brussels,Freedom,Sauce - Ranch Dressing,2020-04-12T20:21:23Z,"€41,45"
Kwiki Mart,London,Laisves,Wine - Winzer Krems Gruner,2020-04-19T20:21:49Z,"€35,78"
Aibe,New York,Freedom,Cup - Translucent 7 Oz Clear,2020-04-21T02:36:12Z,"€77,37"
Aibe,New York,Freedom,Pork Loin Bine - In Frenched,2020-04-18T04:00:51Z,"€90,44"
Playtech,Brussels,Freedom,"Shrimp - Baby, Cold Water",2020-04-26T01:30:45Z,"€7,58"
Playtech,New York,Freedom,"Wine - White, Pelee Island",2020-04-15T15:20:10Z,"€78,81"
Playtech,London,Freedom,Wine - Hardys Bankside Shiraz,2020-04-27T07:26:21Z,"€6,02"
Ebay,Brussels,Freedom,Cheese - Goat,2020-04-05T15:45:20Z,"€43,06"
Wallmart,Brussels,Laisves,Quail - Jumbo,2020-04-09T20:26:26Z,"€80,41"
Lidl,London,Freedom,Whmis Spray Bottle Graduated,2020-04-02T22:54:21Z,"€47,12"
Lidl,New York,Freedom,Tea - Green,2020-04-01T06:33:44Z,"€40,06"
Kwiki Mart,New York,George's,Beets,2020-04-12T08:43:35Z,"€90,46"
Aibe,New York,Freedom,Roe - Flying Fish,2020-04-17T08:33:54Z,"€88,36"
Lidl,Brussels,Laisves,Shrimp - Black Tiger 8 - 12,2020-04-17T02:11:15Z,"€87,61"
Playtech,Brussels,Laisves,Muffin - Zero Transfat,2020-04-26T17:26:00Z,"€28,59"
Playtech,New York,Freedom,Neckerchief Blck,2020-04-27T01:21:18Z,"€14,09"
Playtech,London,Laisves,Beer - Sleemans Honey Brown,2020-04-20T16:22:07Z,"€20,51"
Kwiki Mart,London,Laisves,Raspberries - Fresh,2020-04-21T07:17:58Z,"€0,81"
Lidl,Brussels,George's,Broom Handle,2020-04-13T11:42:20Z,"€91,25"
Lidl,London,Freedom,Buffalo - Striploin,2020-04-20T07:41:52Z,"€73,87"
Aibe,London,Freedom,"Soup - Campbells, Creamy",2020-04-20T10:58:27Z,"€72,97"
Playtech,London,George's,Cheese - Wine,2020-04-09T02:02:27Z,"€27,78"
Wallmart,Brussels,Freedom,Soup - Campbells Chili Veg,2020-04-09T16:34:42Z,"€74,37"
Kwiki Mart,New York,George's,Nantucket Pine Orangebanana,2020-04-11T22:51:21Z,"€93,61"
Kwiki Mart,New York,Freedom,"Beans - Black Bean, Dry",2020-04-21T22:01:23Z,"€61,22"
Wallmart,London,George's,Wine - Fontanafredda Barolo,2020-04-08T19:06:23Z,"€26,00"
Playtech,New York,George's,Pepper - Gypsy Pepper,2020-04-13T01:58:47Z,"€46,33"
Playtech,New York,George's,Table Cloth 62x120 White,2020-04-24T03:59:25Z,"€7,70"
Ebay,New York,George's,Pork - Bacon Cooked Slcd,2020-04-23T03:59:26Z,"€62,10"
Kwiki Mart,Brussels,Freedom,Beans - Fine,2020-04-24T00:46:51Z,"€74,57"
Wallmart,Brussels,Freedom,Beef - Sushi Flat Iron Steak,2020-04-16T19:27:53Z,"€25,85"
Aibe,London,Freedom,Oil - Margarine,2020-04-10T08:46:36Z,"€94,16"
Playtech,Brussels,Laisves,Tea - Honey Green Tea,2020-04-27T04:46:07Z,"€59,30"
Aibe,London,Freedom,Soupcontfoam16oz 116con,2020-04-22T06:09:00Z,"€42,66"
Aibe,Brussels,George's,Onion Powder,2020-04-08T11:39:59Z,"€28,22"
Ebay,Brussels,George's,"Basil - Dry, Rubbed",2020-04-12T08:41:20Z,"€40,76"
Lidl,London,George's,"Fish - Base, Bouillion",2020-04-09T22:10:26Z,"€85,98"
Playtech,New York,Laisves,Sea Bass - Fillets,2020-04-14T19:36:38Z,"€41,30"
Aibe,Brussels,Laisves,Extract - Lemon,2020-04-27T09:27:12Z,"€45,02"
Lidl,Brussels,Laisves,"Coconut - Creamed, Pure",2020-04-26T10:30:27Z,"€8,64"
Kwiki Mart,New York,Laisves,Baking Powder,2020-04-01T20:08:27Z,"€63,63"
Kwiki Mart,Brussels,Laisves,Bar Mix - Lime,2020-04-20T21:28:47Z,"€47,02"
Ebay,Brussels,Freedom,Flour - Teff,2020-04-01T00:19:45Z,"€40,69"
Wallmart,London,Laisves,Pastry - Banana Muffin - Mini,2020-04-06T12:10:12Z,"€57,90"
Playtech,London,George's,Fennel - Seeds,2020-04-12T13:48:46Z,"€91,78"
Ebay,Brussels,George's,"Yogurt - Peach, 175 Gr",2020-04-13T17:56:18Z,"€5,65"
Aibe,New York,Freedom,Rabbit - Whole,2020-04-02T00:02:00Z,"€42,33"
Wallmart,New York,Laisves,"Stock - Veal, Brown",2020-04-16T02:15:29Z,"€98,45"
Wallmart,Brussels,Freedom,Bok Choy - Baby,2020-04-21T08:32:33Z,"€24,06"
Wallmart,New York,George's,Blue Curacao - Marie Brizard,2020-04-01T15:57:13Z,"€35,19"
Playtech,New York,Laisves,Chocolate Eclairs,2020-04-29T10:53:14Z,"€53,18"
Ebay,New York,Laisves,Sugar - White Packet,2020-04-15T22:24:36Z,"€18,14"
Playtech,London,Freedom,Flour Pastry Super Fine,2020-04-10T11:50:26Z,"€6,32"
Kwiki Mart,New York,Laisves,"Soup - Canadian Pea, Dry Mix",2020-04-24T01:26:00Z,"€56,42"
Aibe,New York,George's,"Bread - Roll, Canadian Dinner",2020-04-10T21:57:38Z,"€88,49"
Lidl,New York,Laisves,Sprouts - Pea,2020-04-21T21:03:57Z,"€96,05"
Ebay,Brussels,Freedom,Chick Peas - Canned,2020-04-02T03:04:59Z,"€51,24"
Ebay,London,George's,"Mushrooms - Black, Dried",2020-04-07T14:14:13Z,"€10,64"
Ebay,New York,Laisves,Rappini - Andy Boy,2020-04-10T13:14:16Z,"€78,21"
Aibe,London,George's,Mushroom - Crimini,2020-04-19T00:59:19Z,"€58,30"
Lidl,London,George's,Wine - Casillero Del Diablo,2020-04-17T00:00:50Z,"€38,18"
Aibe,New York,Laisves,Tea - Camomele,2020-04-13T16:52:08Z,"€37,39"
Ebay,New York,Freedom,Blue Curacao - Marie Brizard,2020-04-06T16:23:02Z,"€32,89"
Ebay,London,Laisves,Appetizer - Veg Assortment,2020-04-29T04:56:48Z,"€25,84"
Lidl,New York,George's,Truffle Cups - Brown,2020-04-03T12:21:47Z,"€72,24"
Playtech,London,Laisves,Lid Coffeecup 12oz D9542b,2020-04-07T14:53:36Z,"€58,11"
Aibe,London,Freedom,Pepper - Scotch Bonnet,2020-04-28T03:22:05Z,"€65,38"
Lidl,Brussels,George's,Bread - Pain Au Liat X12,2020-04-10T13:09:12Z,"€74,50"
Kwiki Mart,London,George's,Cookies - Englishbay Wht,2020-04-16T18:57:50Z,"€49,07"
Ebay,Brussels,George's,"Pasta - Fettuccine, Dry",2020-04-23T01:15:12Z,"€14,58"
Kwiki Mart,London,Laisves,Pastry - Plain Baked Croissant,2020-04-09T09:35:05Z,"€45,80"
Ebay,New York,Freedom,Tea - Green,2020-04-21T01:10:50Z,"€92,14"
Wallmart,London,George's,Cod - Black Whole Fillet,2020-04-21T22:14:43Z,"€92,22"
Lidl,London,George's,Beans - Fine,2020-04-25T16:02:09Z,"€89,64"
Aibe,London,George's,Flour - So Mix Cake White,2020-04-28T04:19:57Z,"€89,73"
Playtech,New York,Freedom,Sauce - Marinara,2020-04-29T04:59:34Z,"€36,86"
Kwiki Mart,London,George's,"Pork - Bacon, Sliced",2020-04-11T01:54:00Z,"€17,92"
Wallmart,Brussels,Laisves,Bacardi Mojito,2020-04-01T19:22:34Z,"€98,82"
Ebay,Brussels,Laisves,"Tomatoes - Vine Ripe, Red",2020-04-25T10:39:30Z,"€99,27"
Lidl,London,Freedom,"Pork - Loin, Center Cut",2020-04-24T08:19:28Z,"€17,05"
Kwiki Mart,New York,Freedom,Teriyaki Sauce,2020-04-13T17:46:26Z,"€71,32"
Playtech,Brussels,Laisves,Duck - Whole,2020-04-03T07:58:56Z,"€65,23"
Aibe,New York,Laisves,Spaghetti Squash,2020-04-10T05:45:25Z,"€6,66"
Kwiki Mart,Brussels,Laisves,Wine - Acient Coast Caberne,2020-04-18T01:58:10Z,"€13,50"
Kwiki Mart,London,Freedom,Tray - 16in Rnd Blk,2020-04-01T19:31:22Z,"€73,95"
Ebay,London,Freedom,Bread Crumbs - Panko,2020-04-16T14:00:47Z,"€39,40"
Lidl,New York,Freedom,Icecream - Dibs,2020-04-23T06:31:10Z,"€13,20"
Kwiki Mart,Brussels,Freedom,Mushroom - White Button,2020-04-15T12:46:24Z,"€45,80"
Ebay,Brussels,George's,"Sauce - Gravy, Au Jus, Mix",2020-04-19T12:55:03Z,"€48,73"
Ebay,New York,Laisves,Beer - True North Lager,2020-04-23T03:23:23Z,"€62,20"
Playtech,Brussels,Freedom,Milk - Homo,2020-04-07T15:56:25Z,"€44,09"
Wallmart,London,George's,Pate - Peppercorn,2020-04-09T04:45:45Z,"€77,19"
Wallmart,Brussels,Freedom,Sloe Gin - Mcguinness,2020-04-24T02:46:16Z,"€90,28"
Kwiki Mart,London,Laisves,Table Cloth 62x114 White,2020-04-15T16:50:01Z,"€68,96"
Ebay,London,George's,"Pork - Bacon,back Peameal",2020-04-01T04:22:11Z,"€76,08"
Ebay,Brussels,Laisves,Worcestershire Sauce,2020-04-03T00:02:38Z,"€60,05"
Playtech,New York,Freedom,Salt And Pepper Mix - Black,2020-04-20T14:53:28Z,"€36,68"
Kwiki Mart,New York,Freedom,"Shrimp - 16/20, Peeled Deviened",2020-04-09T07:43:50Z,"€91,45"
Ebay,London,George's,"Beans - Black Bean, Dry",2020-04-20T12:42:33Z,"€56,95"
Kwiki Mart,New York,Freedom,Soup V8 Roasted Red Pepper,2020-04-24T00:20:39Z,"€23,31"
Kwiki Mart,New York,Freedom,Sage - Rubbed,2020-04-19T06:46:45Z,"€26,09"
Aibe,New York,George's,Fenngreek Seed,2020-04-17T18:46:59Z,"€11,97"
Kwiki Mart,New York,George's,"Sole - Dover, Whole, Fresh",2020-04-13T00:43:37Z,"€46,50"
Lidl,New York,George's,Lotus Root,2020-04-19T01:11:08Z,"€14,18"
Kwiki Mart,New York,George's,Beef - Tenderloin - Aa,2020-04-10T09:10:21Z,"€99,49"
Playtech,New York,Freedom,"Pork - Loin, Boneless",2020-04-26T02:40:08Z,"€17,96"
Wallmart,London,Freedom,Bread - Granary Small Pull,2020-04-21T04:22:58Z,"€44,44"
Kwiki Mart,New York,Freedom,Sprouts Dikon,2020-04-18T08:29:04Z,"€86,73"
Ebay,New York,Laisves,Bandage - Finger Cots,2020-04-10T02:42:06Z,"€33,35"
Lidl,New York,Freedom,Pickles - Gherkins,2020-04-27T08:52:40Z,"€31,58"
Kwiki Mart,New York,Freedom,Muffin Mix - Oatmeal,2020-04-17T23:14:22Z,"€39,77"
Kwiki Mart,London,Laisves,Pate - Liver,2020-04-25T06:18:40Z,"€77,59"
Aibe,London,Freedom,"Pork - Bacon, Double Smoked",2020-04-16T04:55:09Z,"€40,36"
Kwiki Mart,New York,George's,Flour Pastry Super Fine,2020-04-10T04:37:42Z,"€87,47"
Lidl,Brussels,Freedom,Wine - Baron De Rothschild,2020-04-08T18:46:46Z,"€47,65"
Aibe,Brussels,George's,Spice - Paprika,2020-04-12T21:59:00Z,"€24,01"
Kwiki Mart,Brussels,Laisves,Longos - Grilled Salmon With Bbq,2020-04-18T09:21:36Z,"€16,62"
Aibe,New York,Laisves,Pie Filling - Cherry,2020-04-05T01:16:36Z,"€87,04"
Lidl,New York,Laisves,Ecolab - Mikroklene 4/4 L,2020-04-02T15:55:15Z,"€74,14"
Playtech,Brussels,Freedom,Sauce - Vodka Blush,2020-04-21T07:25:46Z,"€95,29"
Playtech,Brussels,Laisves,Sauce - Rosee,2020-04-25T23:31:35Z,"€28,38"
Lidl,New York,Freedom,Jameson Irish Whiskey,2020-04-25T05:03:37Z,"€16,62"
Ebay,New York,Freedom,"Napkin - Cocktail,beige 2 - Ply",2020-04-26T18:06:26Z,"€53,37"
Ebay,Brussels,Freedom,Nougat - Paste / Cream,2020-04-10T09:33:27Z,"€39,38"
Kwiki Mart,New York,Freedom,Pastry - Chocolate Chip Muffin,2020-04-02T13:39:27Z,"€20,02"
Lidl,London,George's,"Wine - White, Schroder And Schyl",2020-04-11T01:22:06Z,"€73,50"
Wallmart,New York,George's,Beer - Sleemans Cream Ale,2020-04-23T00:28:40Z,"€52,56"
Playtech,Brussels,Freedom,Sproutsmustard Cress,2020-04-09T00:42:59Z,"€62,49"
Aibe,Brussels,George's,Pastry - Chocolate Chip Muffin,2020-04-18T04:56:55Z,"€54,97"
Playtech,New York,Freedom,"Bar Mix - Pina Colada, 355 Ml",2020-04-10T04:49:38Z,"€23,47"
Playtech,New York,George's,Wine - Sicilia Igt Nero Avola,2020-04-10T08:40:16Z,"€17,29"
Kwiki Mart,New York,Laisves,Clam Nectar,2020-04-11T00:30:58Z,"€27,09"
Ebay,London,George's,Wine - Soave Folonari,2020-04-16T07:30:31Z,"€61,54"
Playtech,Brussels,Freedom,Blue Curacao - Marie Brizard,2020-04-29T07:54:15Z,"€41,56"
Ebay,Brussels,Freedom,Wine - Shiraz South Eastern,2020-04-26T20:55:38Z,"€17,57"
Lidl,Brussels,Laisves,Bacardi Limon,2020-04-14T18:45:10Z,"€11,87"
Playtech,Brussels,Freedom,Bread - Bistro Sour,2020-04-12T04:49:01Z,"€16,50"
Lidl,London,George's,Melon - Honey Dew,2020-04-11T17:28:36Z,"€74,70"
Kwiki Mart,New York,George's,Broom - Corn,2020-04-10T02:14:05Z,"€57,41"
Lidl,Brussels,Laisves,Muffin Mix - Oatmeal,2020-04-03T17:09:36Z,"€15,53"
Playtech,Brussels,George's,Jello - Assorted,2020-04-16T21:50:31Z,"€22,63"
Wallmart,New York,Laisves,Cardamon Ground,2020-04-26T23:48:46Z,"€69,97"
Ebay,London,Laisves,Pur Source,2020-04-01T18:37:46Z,"€13,36"
Kwiki Mart,New York,Freedom,Tea - Apple Green Tea,2020-04-12T01:05:41Z,"€77,38"
Kwiki Mart,Brussels,Freedom,Vodka - Moskovskaya,2020-04-02T09:41:09Z,"€4,36"
Playtech,London,Laisves,Lid - 16 Oz And 32 Oz,2020-04-26T14:53:20Z,"€87,56"
Aibe,London,George's,Napkin Colour,2020-04-25T01:31:18Z,"€69,34"
Playtech,New York,George's,Longos - Cheese Tortellini,2020-04-18T20:32:22Z,"€89,83"
Aibe,Brussels,Freedom,Yoghurt Tubes,2020-04-03T20:59:57Z,"€93,37"
Kwiki Mart,London,Laisves,"Pork - Bacon, Double Smoked",2020-04-11T10:27:08Z,"€26,94"
Aibe,Brussels,Laisves,Bread - Multigrain Oval,2020-04-04T02:23:07Z,"€62,59"
Kwiki Mart,New York,George's,Ginger - Fresh,2020-04-08T04:02:11Z,"€98,77"
Playtech,New York,Laisves,Juice - Ocean Spray Cranberry,2020-04-22T07:34:10Z,"€29,49"
Wallmart,New York,Laisves,Daves Island Stinger,2020-04-13T10:22:36Z,"€83,70"
Lidl,Brussels,Laisves,"Champagne - Brights, Dry",2020-04-04T15:22:02Z,"€94,70"
Aibe,New York,Laisves,"Potatoes - Instant, Mashed",2020-04-25T08:01:56Z,"€65,55"
Ebay,New York,Freedom,Scampi Tail,2020-04-05T15:05:38Z,"€43,86"
Playtech,Brussels,Laisves,Pie Filling - Apple,2020-04-19T00:39:46Z,"€2,51"
Lidl,London,Freedom,Compound - Pear,2020-04-09T10:35:10Z,"€54,82"
Kwiki Mart,New York,Freedom,"Chocolate - Milk, Callets",2020-04-25T21:18:17Z,"€50,44"
Lidl,Brussels,Freedom,Chocolate - Milk Coating,2020-04-02T14:00:28Z,"€92,35"
Playtech,New York,George's,Sobe - Cranberry Grapefruit,2020-04-24T07:48:36Z,"€28,82"
Wallmart,London,Freedom,Snapple Lemon Tea,2020-04-13T07:52:14Z,"€95,24"
Wallmart,New York,Laisves,Beans - Kidney White,2020-04-10T16:55:44Z,"€16,88"
Wallmart,New York,Laisves,Banana Turning,2020-04-26T10:21:01Z,"€56,74"
Aibe,Brussels,George's,"Salt - Rock, Course",2020-04-04T14:03:14Z,"€48,50"
Aibe,London,George's,Milk - Skim,2020-04-28T12:16:13Z,"€28,55"
Lidl,Brussels,George's,Cumin - Ground,2020-04-06T17:09:14Z,"€82,61"
Playtech,Brussels,Freedom,Wine - Saint Emilion Calvet,2020-04-21T21:19:26Z,"€84,44"
Wallmart,New York,Laisves,Truffle Cups Green,2020-04-19T08:50:55Z,"€86,32"
Playtech,Brussels,George's,Flour - Rye,2020-04-12T17:43:42Z,"€63,77"
Lidl,London,George's,"Pasta - Fusili, Dry",2020-04-22T06:00:15Z,"€16,22"
Playtech,Brussels,Laisves,Puree - Pear,2020-04-06T18:06:59Z,"€21,48"
Ebay,New York,Freedom,Cookies Almond Hazelnut,2020-04-08T17:08:50Z,"€52,97"
Playtech,London,George's,Coffee - Hazelnut Cream,2020-04-14T04:47:53Z,"€16,62"
Wallmart,New York,Laisves,Galliano,2020-04-09T16:49:51Z,"€67,75"
Wallmart,New York,George's,Cocktail Napkin Blue,2020-04-20T14:35:40Z,"€84,80"
Playtech,New York,Laisves,Soup - Campbells - Chicken Noodle,2020-04-26T03:04:33Z,"€46,59"
Lidl,New York,Laisves,"Bag - Bread, White, Plain",2020-04-19T02:25:44Z,"€89,58"
Ebay,Brussels,George's,"Tea - Darjeeling, Azzura",2020-04-23T08:33:02Z,"€30,43"
Playtech,New York,Laisves,Longos - Chicken Caeser Salad,2020-04-20T07:32:52Z,"€34,02"
Ebay,New York,Freedom,Pate - Peppercorn,2020-04-10T07:07:48Z,"€61,97"
Playtech,New York,George's,Bread Crumbs - Japanese Style,2020-04-13T12:06:09Z,"€44,64"
Aibe,London,Laisves,Pickles - Gherkins,2020-04-08T18:59:15Z,"€41,24"
Wallmart,London,George's,Parsnip,2020-04-20T02:17:21Z,"€32,32"
Ebay,New York,Freedom,Veal - Provimi Inside,2020-04-16T14:30:08Z,"€86,95"
Wallmart,New York,Freedom,Pasta - Fusili Tri - Coloured,2020-04-29T09:59:45Z,"€92,90"
Lidl,Brussels,Freedom,Beer - Heinekin,2020-04-10T22:52:02Z,"€6,97"
Wallmart,Brussels,Laisves,Olive - Spread Tapenade,2020-04-20T04:38:11Z,"€49,96"
Wallmart,New York,Laisves,Cookies - Assorted,2020-04-29T13:56:50Z,"€29,64"
Ebay,London,Laisves,Beef - Sushi Flat Iron Steak,2020-04-16T02:54:44Z,"€84,74"
Lidl,London,George's,"Syrup - Monin, Amaretta",2020-04-27T01:23:35Z,"€17,41"
Ebay,Brussels,Freedom,Mangostein,2020-04-12T22:56:07Z,"€82,84"
Aibe,New York,Laisves,Eel Fresh,2020-04-03T14:17:24Z,"€60,50"
Aibe,London,George's,Molasses - Fancy,2020-04-29T03:07:34Z,"€1,93"
Wallmart,Brussels,Freedom,Cake Slab,2020-04-10T00:46:51Z,"€15,05"
Playtech,London,Laisves,Cheese Cloth No 60,2020-04-11T08:03:05Z,"€72,08"
Wallmart,New York,Freedom,Creme De Banane - Marie,2020-04-13T02:55:43Z,"€70,73"
Playtech,New York,George's,Pastry - Plain Baked Croissant,2020-04-25T19:43:30Z,"€40,08"
Wallmart,Brussels,Laisves,Ecolab - Hand Soap Form Antibac,2020-04-13T19:05:28Z,"€12,72"
Kwiki Mart,London,George's,Veal - Striploin,2020-04-26T22:20:18Z,"€75,70"
Kwiki Mart,Brussels,Laisves,Beef - Shank,2020-04-25T13:15:53Z,"€4,82"
Ebay,Brussels,George's,Pie Shells 10,2020-04-04T01:15:38Z,"€63,87"
Kwiki Mart,London,George's,Sesame Seed Black,2020-04-03T07:02:35Z,"€42,60"
Ebay,New York,Laisves,Wine - Pinot Noir Stoneleigh,2020-04-06T18:22:38Z,"€80,49"
Aibe,London,George's,Macaroons - Homestyle Two Bit,2020-04-20T09:48:07Z,"€9,22"
Ebay,New York,Freedom,Grapefruit - White,2020-04-17T16:33:36Z,"€97,40"
Lidl,London,Laisves,Beans - Wax,2020-04-08T11:48:27Z,"€91,90"
Ebay,New York,Freedom,V8 - Berry Blend,2020-04-13T17:27:03Z,"€64,60"
Lidl,Brussels,George's,Couscous,2020-04-02T23:17:06Z,"€73,98"
Playtech,Brussels,Laisves,Tea - Herbal - 6 Asst,2020-04-02T11:02:33Z,"€48,11"
Aibe,Brussels,George's,Lamb Tenderloin Nz Fr,2020-04-19T21:47:45Z,"€99,25"
Kwiki Mart,New York,Freedom,"Fish - Base, Bouillion",2020-04-29T05:44:12Z,"€19,47"
Lidl,New York,Freedom,Cake - Cheese Cake 9 Inch,2020-04-10T10:12:38Z,"€58,46"
Kwiki Mart,New York,Freedom,"Nut - Pine Nuts, Whole",2020-04-05T16:54:39Z,"€93,95"
Playtech,New York,Freedom,Beef Striploin Aaa,2020-04-23T08:42:53Z,"€12,07"
Kwiki Mart,London,Laisves,Juice - Ocean Spray Cranberry,2020-04-14T07:17:57Z,"€62,62"
Ebay,London,Freedom,"Bag - Bread, White, Plain",2020-04-12T21:37:42Z,"€5,27"
Playtech,London,George's,Pastry - Choclate Baked,2020-04-17T23:18:43Z,"€37,05"
Lidl,London,George's,Chicken - Whole Fryers,2020-04-20T23:57:47Z,"€82,48"
Playtech,London,Freedom,Muffin Hinge Container 6,2020-04-24T02:27:35Z,"€61,39"
Aibe,New York,Laisves,Apricots Fresh,2020-04-08T04:07:48Z,"€86,43"
Kwiki Mart,Brussels,Freedom,Coffee - Frthy Coffee Crisp,2020-04-25T12:21:49Z,"€42,51"
Wallmart,Brussels,George's,"Syrup - Golden, Lyles",2020-04-28T08:33:54Z,"€56,26"
Lidl,London,Laisves,Wine - Hardys Bankside Shiraz,2020-04-16T10:25:49Z,"€16,96"
Kwiki Mart,New York,Freedom,Marzipan 50/50,2020-04-18T05:52:32Z,"€98,61"
Kwiki Mart,London,Laisves,Bagel - Sesame Seed Presliced,2020-04-21T19:09:59Z,"€18,81"
Aibe,New York,Laisves,Sugar - Cubes,2020-04-20T07:29:00Z,"€34,96"
Ebay,Brussels,George's,Shrimp - Black Tiger 8 - 12,2020-04-14T18:58:22Z,"€35,32"
Lidl,London,Laisves,Bread - Hot Dog Buns,2020-04-22T19:28:07Z,"€33,00"
Ebay,Brussels,Laisves,Parasol Pick Stir Stick,2020-04-06T04:39:44Z,"€16,63"
Aibe,London,George's,Wine - Cotes Du Rhone,2020-04-08T23:04:10Z,"€82,19"
Lidl,New York,George's,Bagelers - Cinn / Brown,2020-04-05T03:55:27Z,"€50,83"
Lidl,Brussels,George's,Cheese - Grana Padano,2020-04-27T19:33:51Z,"€75,22"
Aibe,London,Freedom,Coffee Cup 16oz Foam,2020-04-04T15:16:40Z,"€90,07"
Wallmart,London,Laisves,"Mushroom - Enoki, Fresh",2020-04-24T04:13:25Z,"€48,16"
Playtech,Brussels,Freedom,Carbonated Water - White Grape,2020-04-24T02:10:22Z,"€24,46"
Aibe,London,Freedom,Bacardi Breezer - Tropical,2020-04-16T07:17:32Z,"€80,70"
Ebay,Brussels,Laisves,Peppercorns - Pink,2020-04-25T10:32:14Z,"€70,80"
Playtech,London,Freedom,Miso Paste White,2020-04-24T10:20:40Z,"€13,59"
Lidl,London,Freedom,Lambcasing,2020-04-27T18:06:18Z,"€65,56"
Kwiki Mart,Brussels,George's,"Fish - Base, Bouillion",2020-04-17T14:19:58Z,"€68,64"
Lidl,Brussels,George's,Sobe - Cranberry Grapefruit,2020-04-20T21:55:13Z,"€20,64"
Playtech,New York,George's,Squid - U 5,2020-04-24T01:46:56Z,"€80,52"
Kwiki Mart,Brussels,Freedom,Cucumber - English,2020-04-26T17:13:21Z,"€43,40"
Playtech,New York,Laisves,Flower - Carnations,2020-04-06T08:24:19Z,"€97,68"
Aibe,New York,Freedom,Food Colouring - Blue,2020-04-10T19:05:51Z,"€34,93"
Wallmart,Brussels,George's,Wine - Conde De Valdemar,2020-04-28T19:01:22Z,"€89,06"
Playtech,New York,Laisves,"Sauce - Bernaise, Mix",2020-04-12T22:32:34Z,"€76,12"
Kwiki Mart,London,Laisves,Lettuce - Radicchio,2020-04-10T12:54:23Z,"€96,04"
Playtech,London,Freedom,Island Oasis - Strawberry,2020-04-11T17:37:56Z,"€70,53"
Playtech,New York,George's,Cookies Almond Hazelnut,2020-04-23T21:49:20Z,"€61,74"
Aibe,London,Freedom,Couscous,2020-04-05T22:45:46Z,"€66,02"
Wallmart,Brussels,Laisves,Crackers - Trio,2020-04-27T12:36:47Z,"€75,02"
Wallmart,London,Laisves,Anchovy Fillets,2020-04-07T00:07:02Z,"€22,03"
Wallmart,New York,George's,Chives - Fresh,2020-04-02T22:05:51Z,"€9,55"
Kwiki Mart,New York,Laisves,Beer - Sleeman Fine Porter,2020-04-03T16:25:12Z,"€72,28"
Ebay,Brussels,Laisves,"Mushroom - Shitake, Dry",2020-04-12T13:35:36Z,"€4,31"
Aibe,Brussels,Laisves,"Water - Mineral, Natural",2020-04-03T22:19:33Z,"€0,81"
Lidl,London,Laisves,Pheasants - Whole,2020-04-16T08:13:19Z,"€36,11"
Lidl,Brussels,George's,Nori Sea Weed - Gold Label,2020-04-23T02:40:00Z,"€5,67"
Ebay,Brussels,Laisves,"Lamb - Whole Head Off,nz",2020-04-17T08:30:36Z,"€25,67"
Aibe,Brussels,Freedom,Crackers - Trio,2020-04-07T05:21:06Z,"€31,68"
Ebay,London,George's,Sobe - Tropical Energy,2020-04-01T11:56:19Z,"€67,04"
Playtech,New York,Laisves,Bacardi Limon,2020-04-16T00:43:41Z,"€21,02"
Wallmart,London,Laisves,Coffee - Egg Nog Capuccino,2020-04-08T00:15:27Z,"€37,46"
Wallmart,Brussels,Laisves,Appetiser - Bought,2020-04-29T21:35:11Z,"€46,13"
Ebay,Brussels,George's,"Gingerale - Schweppes, 355 Ml",2020-04-14T10:01:40Z,"€56,86"
Playtech,New York,Freedom,Higashimaru Usukuchi Soy,2020-04-12T18:43:03Z,"€24,12"
Wallmart,New York,George's,Cake - Pancake,2020-04-17T03:01:30Z,"€94,91"
Kwiki Mart,Brussels,Laisves,Celery Root,2020-04-04T13:41:17Z,"€54,78"
Wallmart,Brussels,Freedom,Sauce - Cranberry,2020-04-24T13:00:07Z,"€76,88"
Kwiki Mart,Brussels,Freedom,Skewers - Bamboo,2020-04-01T02:53:25Z,"€3,67"
Kwiki Mart,New York,George's,Honey - Lavender,2020-04-07T01:38:51Z,"€3,04"
Ebay,Brussels,Freedom,Magnotta Bel Paese Red,2020-04-22T02:16:42Z,"€87,40"
Ebay,Brussels,George's,Eggplant - Asian,2020-04-10T21:06:49Z,"€92,68"
Kwiki Mart,London,George's,Olives - Nicoise,2020-04-15T19:39:40Z,"€47,77"
Wallmart,Brussels,Laisves,Duck - Whole,2020-04-19T13:43:19Z,"€38,68"
Aibe,Brussels,Freedom,"Pail - 4l White, With Handle",2020-04-18T22:57:11Z,"€51,20"
Aibe,London,Freedom,Lady Fingers,2020-04-19T20:04:52Z,"€88,91"
Ebay,London,Freedom,Tuna - Bluefin,2020-04-10T18:13:13Z,"€43,72"
Kwiki Mart,Brussels,Freedom,Tuna - Loin,2020-04-09T19:02:31Z,"€18,74"
Wallmart,London,Freedom,Wine - Spumante Bambino White,2020-04-27T06:03:31Z,"€69,20"
Ebay,London,Laisves,"Trout - Hot Smkd, Dbl Fillet",2020-04-17T09:20:24Z,"€93,84"
Ebay,Brussels,George's,"Coconut - Creamed, Pure",2020-04-12T20:30:46Z,"€88,09"
Ebay,New York,Laisves,Eggplant - Regular,2020-04-08T15:27:11Z,"€9,16"
Ebay,Brussels,George's,The Pop Shoppe - Black Cherry,2020-04-02T18:22:58Z,"€36,41"
Wallmart,Brussels,George's,"Wine - Red, Metus Rose",2020-04-27T14:39:32Z,"€17,76"
Playtech,New York,Freedom,Cookie - Oatmeal,2020-04-08T03:19:41Z,"€77,07"
Wallmart,London,Laisves,Tea - Lemon Scented,2020-04-22T03:45:33Z,"€5,01"
Aibe,New York,George's,"Jam - Marmalade, Orange",2020-04-28T17:23:34Z,"€59,06"
Wallmart,London,George's,Canadian Emmenthal,2020-04-21T11:39:48Z,"€35,66"
Lidl,London,Freedom,Oven Mitts 17 Inch,2020-04-13T15:00:10Z,"€89,33"
Kwiki Mart,London,Freedom,Mushroom - Morel Frozen,2020-04-17T07:04:12Z,"€97,17"
Aibe,New York,Freedom,Couscous,2020-04-27T01:58:28Z,"€37,11"
Playtech,Brussels,Freedom,Mahi Mahi,2020-04-02T08:05:29Z,"€46,88"
Playtech,London,Freedom,Bagels Poppyseed,2020-04-20T09:34:14Z,"€87,93"
Ebay,Brussels,George's,Salami - Genova,2020-04-23T04:52:34Z,"€29,72"
Lidl,Brussels,Laisves,Garam Marsala,2020-04-26T19:37:55Z,"€6,84"
Ebay,New York,Freedom,Icecream - Dstk Cml And Fdg,2020-04-17T02:03:36Z,"€3,90"
Playtech,London,Freedom,Eggplant - Asian,2020-04-13T21:08:07Z,"€79,20"
Lidl,London,Freedom,Cafe Royale,2020-04-17T19:29:29Z,"€67,36"
Ebay,New York,Freedom,Bread - Italian Roll With Herbs,2020-04-12T22:24:28Z,"€22,02"
Aibe,New York,Freedom,"Trout - Hot Smkd, Dbl Fillet",2020-04-29T19:26:07Z,"€80,39"
Wallmart,New York,George's,Wasabi Powder,2020-04-27T12:11:58Z,"€54,79"
Ebay,New York,Laisves,Onions - Pearl,2020-04-16T15:42:02Z,"€20,83"
Wallmart,Brussels,Laisves,Urban Zen Drinks,2020-04-02T14:40:18Z,"€54,59"
Aibe,New York,Laisves,Wine - Barbera Alba Doc 2001,2020-04-28T13:00:50Z,"€26,85"
Aibe,London,Laisves,Wine - Soave Folonari,2020-04-01T19:39:57Z,"€87,94"
Playtech,Brussels,Laisves,Butter Ripple - Phillips,2020-04-26T08:14:14Z,"€26,92"
Wallmart,London,Laisves,Pork - Inside,2020-04-09T14:03:09Z,"€27,32"
Wallmart,New York,George's,Orange Roughy 6/8 Oz,2020-04-16T03:18:01Z,"€47,93"
Lidl,London,Freedom,Brandy Cherry - Mcguinness,2020-04-08T00:35:51Z,"€22,18"
Ebay,Brussels,George's,Soup - Campbells - Tomato,2020-04-14T20:39:28Z,"€76,36"
Wallmart,London,Freedom,Devonshire Cream,2020-04-09T05:54:01Z,"€68,40"
Lidl,London,George's,Danishes - Mini Raspberry,2020-04-21T16:19:46Z,"€59,56"
Playtech,London,Laisves,Syrup - Monin - Passion Fruit,2020-04-29T01:14:56Z,"€6,68"
Lidl,London,Freedom,Broom - Angled,2020-04-19T11:12:53Z,"€57,31"
Playtech,London,Freedom,Tomato Puree,2020-04-20T20:44:15Z,"€14,16"
Kwiki Mart,London,Laisves,Couscous,2020-04-13T15:22:45Z,"€61,91"
Aibe,Brussels,Laisves,"Mushroom - Shitake, Fresh",2020-04-16T16:21:00Z,"€41,04"
Wallmart,Brussels,Freedom,Beef Tenderloin Aaa,2020-04-01T08:27:33Z,"€8,72"
Ebay,Brussels,Laisves,"Pineapple - Canned, Rings",2020-04-19T20:05:54Z,"€59,91"
Wallmart,Brussels,Laisves,Turnip - White,2020-04-18T03:05:51Z,"€96,22"
Aibe,Brussels,George's,Tea - Green,2020-04-18T21:36:47Z,"€73,48"
Ebay,Brussels,Freedom,Buffalo - Striploin,2020-04-17T05:38:01Z,"€21,72"
Ebay,London,Freedom,Pumpkin,2020-04-12T02:48:25Z,"€88,44"
Kwiki Mart,Brussels,Laisves,Squid - Breaded,2020-04-10T05:46:45Z,"€56,68"
Wallmart,London,George's,Beef - Montreal Smoked Brisket,2020-04-19T10:06:25Z,"€81,54"
Ebay,Brussels,Laisves,Lettuce - Curly Endive,2020-04-05T06:14:22Z,"€1,69"
Kwiki Mart,London,Laisves,Pepper - Cayenne,2020-04-04T00:24:16Z,"€87,55"
Wallmart,London,Laisves,Taro Root,2020-04-11T20:29:33Z,"€97,23"
Kwiki Mart,New York,George's,Tofu - Firm,2020-04-08T14:20:37Z,"€73,95"
Aibe,London,Laisves,Rosemary - Dry,2020-04-10T11:23:31Z,"€83,19"
Playtech,New York,Freedom,Eggplant - Regular,2020-04-01T13:33:53Z,"€39,09"
Playtech,New York,Laisves,Nutmeg - Ground,2020-04-23T11:30:03Z,"€44,94"
Ebay,New York,George's,Appetizer - Tarragon Chicken,2020-04-13T22:02:58Z,"€91,00"
Aibe,London,Laisves,Cranberries - Frozen,2020-04-22T16:47:13Z,"€8,60"
Ebay,New York,Laisves,Longos - Grilled Chicken With,2020-04-24T06:49:54Z,"€12,95"
Kwiki Mart,London,Freedom,"Melon - Watermelon, Seedless",2020-04-28T08:37:19Z,"€28,04"
Playtech,London,George's,Island Oasis - Pina Colada,2020-04-12T18:43:44Z,"€85,15"
Aibe,New York,Freedom,Milk 2% 500 Ml,2020-04-19T12:11:45Z,"€93,78"
Playtech,Brussels,Freedom,Crab - Imitation Flakes,2020-04-06T04:02:34Z,"€79,83"
Kwiki Mart,Brussels,Freedom,"Cheese - Brie, Cups 125g",2020-04-05T11:56:07Z,"€35,04"
Aibe,New York,George's,Sauce - Thousand Island,2020-04-27T15:02:00Z,"€17,22"
Aibe,London,George's,Butter - Pod,2020-04-10T05:40:56Z,"€80,97"
Lidl,New York,Laisves,Chocolate - Compound Coating,2020-04-01T20:29:57Z,"€15,10"
Aibe,New York,Freedom,Spaghetti Squash,2020-04-28T00:47:53Z,"€35,06"
Ebay,London,Laisves,Clam Nectar,2020-04-13T11:07:09Z,"€87,41"
Playtech,London,George's,Spice - Onion Powder Granulated,2020-04-21T13:30:47Z,"€78,14"
Ebay,Brussels,George's,Wine - Prem Select Charddonany,2020-04-27T18:30:09Z,"€37,93"
Aibe,New York,George's,Beef - Striploin Aa,2020-04-20T22:03:53Z,"€90,00"
Lidl,Brussels,Laisves,Snapple - Iced Tea Peach,2020-04-23T17:52:19Z,"€53,03"
Lidl,Brussels,Laisves,"Wine - Red, Black Opal Shiraz",2020-04-02T15:41:36Z,"€71,51"
Kwiki Mart,Brussels,George's,"Sauce - Apple, Unsweetened",2020-04-04T15:14:59Z,"€46,50"
Ebay,New York,Freedom,Ecolab - Hand Soap Form Antibac,2020-04-03T23:24:23Z,"€59,07"
Lidl,London,Freedom,Chef Hat 20cm,2020-04-10T17:25:08Z,"€29,53"
Kwiki Mart,New York,Freedom,Calypso - Strawberry Lemonade,2020-04-17T10:05:43Z,"€3,10"
Aibe,New York,George's,Anchovy Fillets,2020-04-29T17:10:52Z,"€54,18"
Wallmart,London,Freedom,Paper - Brown Paper Mini Cups,2020-04-07T06:40:57Z,"€18,18"
Lidl,Brussels,Freedom,Wine - Rioja Campo Viejo,2020-04-20T21:01:56Z,"€33,02"
Wallmart,New York,Laisves,Ice Cream Bar - Oreo Sandwich,2020-04-14T10:03:49Z,"€82,11"
Lidl,New York,George's,Snapple - Mango Maddness,2020-04-29T22:06:37Z,"€22,64"
Wallmart,Brussels,Laisves,Extract - Raspberry,2020-04-20T16:32:10Z,"€92,27"
Wallmart,London,George's,Milk - Homo,2020-04-11T22:15:59Z,"€14,78"
Lidl,New York,Freedom,"Pasta - Fettuccine, Egg, Fresh",2020-04-21T08:13:29Z,"€2,32"
Playtech,Brussels,Freedom,Red Currant Jelly,2020-04-17T08:17:49Z,"€59,11"
Ebay,Brussels,Freedom,Trueblue - Blueberry Cranberry,2020-04-25T18:56:58Z,"€17,96"
Ebay,New York,Laisves,Rice - 7 Grain Blend,2020-04-28T14:32:07Z,"€15,03"
Wallmart,Brussels,George's,Longos - Greek Salad,2020-04-02T22:38:35Z,"€33,11"
Wallmart,New York,Laisves,Cabbage - Nappa,2020-04-02T04:18:53Z,"€14,44"
Kwiki Mart,New York,George's,Tamarind Paste,2020-04-14T19:03:40Z,"€95,72"
Ebay,New York,George's,Bagel - Everything,2020-04-19T14:37:08Z,"€83,94"
Ebay,New York,Freedom,Dried Figs,2020-04-06T14:20:44Z,"€35,58"
Ebay,New York,Freedom,Flavouring - Raspberry,2020-04-16T09:03:17Z,"€83,30"
Ebay,London,Freedom,Soup Campbells,2020-04-07T17:42:35Z,"€20,40"
Kwiki Mart,New York,Laisves,"Artichoke - Hearts, Canned",2020-04-20T17:37:13Z,"€83,10"
Lidl,New York,Laisves,Wine - Pinot Grigio Collavini,2020-04-14T11:25:28Z,"€48,32"
Lidl,Brussels,Freedom,"Shrimp - 16/20, Peeled Deviened",2020-04-01T04:22:00Z,"€91,48"
Aibe,London,George's,"Juice - Tomato, 10 Oz",2020-04-01T19:00:04Z,"€11,10"
Kwiki Mart,London,George's,Lettuce - Sea / Sea Asparagus,2020-04-02T09:04:26Z,"€26,19"
Kwiki Mart,New York,George's,Tea - Orange Pekoe,2020-04-12T17:37:36Z,"€0,99"
Kwiki Mart,London,Laisves,Lighter - Bbq,2020-04-15T04:35:56Z,"€12,06"
Aibe,London,Laisves,Madeira,2020-04-29T22:49:28Z,"€27,97"
Playtech,Brussels,Freedom,Pear - Asian,2020-04-27T11:43:04Z,"€87,22"
Playtech,New York,Freedom,Salt And Pepper Mix - White,2020-04-25T15:10:08Z,"€27,69"
Playtech,Brussels,Freedom,Loquat,2020-04-11T10:18:35Z,"€63,10"
Kwiki Mart,New York,Freedom,Longos - Chicken Caeser Salad,2020-04-05T19:18:26Z,"€10,92"
Kwiki Mart,New York,Laisves,Coffee Cup 16oz Foam,2020-04-07T11:40:54Z,"€49,62"
Lidl,Brussels,Freedom,Soup - Campbells Mac N Cheese,2020-04-26T10:51:31Z,"€92,89"
Lidl,London,Laisves,Rice - Long Grain,2020-04-05T18:56:32Z,"€92,89"
Playtech,Brussels,George's,Veal - Slab Bacon,2020-04-27T15:30:26Z,"€18,97"
Playtech,Brussels,George's,"Mushroom - Chanterelle, Dry",2020-04-25T06:05:43Z,"€68,69"
Playtech,Brussels,George's,"Lamb - Whole, Fresh",2020-04-23T20:15:00Z,"€68,37"
Kwiki Mart,London,George's,"Lemonade - Strawberry, 591 Ml",2020-04-11T19:36:50Z,"€57,08"
Lidl,London,Laisves,Coffee Beans - Chocolate,2020-04-16T07:13:40Z,"€14,18"
Wallmart,Brussels,Freedom,"Liqueur Banana, Ramazzotti",2020-04-18T20:49:14Z,"€12,10"
Ebay,Brussels,George's,Sauce - Balsamic Viniagrette,2020-04-06T18:12:14Z,"€26,52"
Kwiki Mart,London,George's,Pumpkin - Seed,2020-04-28T04:55:11Z,"€5,57"
Ebay,Brussels,Freedom,"Wine - Red, Marechal Foch",2020-04-02T05:18:18Z,"€66,13"
Kwiki Mart,Brussels,Laisves,Soup - Campbells Bean Medley,2020-04-15T08:40:34Z,"€42,75"
Aibe,London,George's,Lettuce - Romaine,2020-04-26T06:57:37Z,"€18,38"
Ebay,New York,Laisves,Tuna - Loin,2020-04-03T23:45:02Z,"€41,16"
Aibe,New York,George's,Swordfish Loin Portions,2020-04-07T03:50:58Z,"€51,75"
Lidl,New York,George's,Piping Jelly - All Colours,2020-04-02T12:42:15Z,"€21,63"
Ebay,London,George's,Longos - Greek Salad,2020-04-14T16:37:21Z,"€88,43"
Playtech,Brussels,George's,Aspic - Light,2020-04-13T05:17:37Z,"€0,91"
Aibe,New York,Freedom,Chinese Foods - Chicken,2020-04-11T02:32:46Z,"€77,29"
Lidl,London,Laisves,"Sprite, Diet - 355ml",2020-04-08T18:55:03Z,"€77,19"
Kwiki Mart,New York,Laisves,Cape Capensis - Fillet,2020-04-13T20:30:48Z,"€55,01"
Lidl,Brussels,Laisves,Vector Energy Bar,2020-04-29T09:39:15Z,"€77,10"
Playtech,New York,George's,Puree - Blackcurrant,2020-04-11T19:24:29Z,"€90,69"
Lidl,Brussels,George's,Onions - Spanish,2020-04-05T20:41:32Z,"€13,90"
Playtech,New York,George's,Peppercorns - Green,2020-04-19T14:03:25Z,"€86,90"
Ebay,Brussels,Laisves,"Mushroom - Chanterelle, Dry",2020-04-29T21:06:56Z,"€31,24"
Playtech,Brussels,Laisves,"Potatoes - Yukon Gold, 80 Ct",2020-04-07T19:07:06Z,"€9,64"
Wallmart,London,Freedom,"Tortillas - Flour, 10",2020-04-20T21:54:46Z,"€62,38"
Ebay,London,Freedom,Langers - Ruby Red Grapfruit,2020-04-29T22:30:33Z,"€35,40"
Lidl,New York,Laisves,Sesame Seed Black,2020-04-10T16:16:43Z,"€12,45"
Kwiki Mart,London,George's,"Oranges - Navel, 72",2020-04-16T09:02:10Z,"€88,23"
Lidl,New York,Freedom,Table Cloth 90x90 Colour,2020-04-24T07:07:49Z,"€84,23"
Lidl,New York,George's,Danishes - Mini Raspberry,2020-04-02T22:15:45Z,"€68,73"
Aibe,Brussels,Freedom,Peas - Frozen,2020-04-21T00:52:23Z,"€12,15"
Playtech,London,Freedom,Wine - Fat Bastard Merlot,2020-04-29T14:28:14Z,"€10,03"
Kwiki Mart,London,Freedom,"Apple - Delicious, Golden",2020-04-04T07:34:39Z,"€72,58"
Lidl,New York,George's,Salami - Genova,2020-04-13T14:23:04Z,"€13,03"
Lidl,Brussels,Laisves,Soup - Campbells Mushroom,2020-04-02T10:45:01Z,"€3,95"
Kwiki Mart,Brussels,Freedom,"Pail - 15l White, With Handle",2020-04-09T19:16:23Z,"€59,56"
Playtech,Brussels,Freedom,"Bread - Rolls, Rye",2020-04-22T08:42:25Z,"€6,19"
Wallmart,London,Freedom,Melon - Cantaloupe,2020-04-20T17:51:30Z,"€42,76"
Lidl,London,George's,"Ice - Clear, 300 Lb For Carving",2020-04-01T19:54:38Z,"€24,12"
Aibe,Brussels,George's,"Pepper - Red, Finger Hot",2020-04-09T11:29:40Z,"€89,71"
Ebay,London,Laisves,Beans - Wax,2020-04-14T10:21:36Z,"€97,86"
Aibe,London,Freedom,Eggplant - Regular,2020-04-13T08:09:53Z,"€23,53"
Playtech,London,Laisves,Cheese - Parmesan Grated,2020-04-08T21:51:22Z,"€75,59"
Wallmart,Brussels,George's,Loquat,2020-04-15T06:06:30Z,"€56,76"
Kwiki Mart,New York,Laisves,Wine - Segura Viudas Aria Brut,2020-04-07T01:33:57Z,"€78,19"
Wallmart,New York,Freedom,Muffin Hinge Container 6,2020-04-19T12:58:06Z,"€96,28"
Kwiki Mart,Brussels,George's,Bread - Flat Bread,2020-04-04T03:25:03Z,"€0,64"
Lidl,London,Laisves,Transfer Sheets,2020-04-04T20:48:52Z,"€29,45"
Lidl,Brussels,Freedom,"Shrimp - 21/25, Peel And Deviened",2020-04-22T09:01:44Z,"€90,45"
Ebay,Brussels,Laisves,Dasheen,2020-04-02T11:03:36Z,"€52,11"
Lidl,New York,George's,Rice Wine - Aji Mirin,2020-04-08T06:15:05Z,"€49,63"
Lidl,Brussels,Freedom,Cherries - Frozen,2020-04-17T17:52:30Z,"€68,84"
Wallmart,New York,Freedom,"Napkin - Beverge, White 2 - Ply",2020-04-08T18:26:46Z,"€52,07"
Kwiki Mart,London,Freedom,Table Cloth 144x90 White,2020-04-21T11:54:30Z,"€88,85"
Ebay,London,George's,Sandwich Wrap,2020-04-06T22:40:59Z,"€39,14"
Kwiki Mart,London,Freedom,Puree - Mango,2020-04-09T12:25:48Z,"€44,98"
Playtech,Brussels,Laisves,Table Cloth 144x90 White,2020-04-28T18:53:21Z,"€81,66"
Ebay,New York,George's,Apple - Fuji,2020-04-13T11:02:00Z,"€26,63"
Wallmart,Brussels,Laisves,Mangostein,2020-04-11T15:21:37Z,"€67,20"
Kwiki Mart,Brussels,Freedom,Sole - Fillet,2020-04-08T12:26:13Z,"€24,82"
Kwiki Mart,London,Freedom,Lid Tray - 16in Dome,2020-04-21T06:09:21Z,"€27,60"
Aibe,London,Freedom,Lemon Balm - Fresh,2020-04-10T07:21:44Z,"€43,56"
Aibe,New York,Laisves,Pate - Peppercorn,2020-04-28T15:45:43Z,"€31,28"
Aibe,Brussels,George's,Pie Shells 10,2020-04-29T22:16:18Z,"€81,38"
Kwiki Mart,Brussels,Laisves,Truffle - Whole Black Peeled,2020-04-08T05:21:32Z,"€16,00"
Aibe,Brussels,George's,Bread Cranberry Foccacia,2020-04-04T03:27:22Z,"€92,92"
Lidl,London,Laisves,Wine - Barossa Valley Estate,2020-04-10T09:44:14Z,"€91,37"
Aibe,London,Freedom,Chocolate Bar - Oh Henry,2020-04-01T11:11:33Z,"€50,92"
Aibe,New York,Laisves,Lobster - Canned Premium,2020-04-13T12:38:26Z,"€16,08"
Kwiki Mart,London,George's,Sugar - Invert,2020-04-16T09:45:14Z,"€80,95"
Lidl,London,Freedom,Browning Caramel Glace,2020-04-17T22:51:17Z,"€85,53"
Lidl,New York,Laisves,Higashimaru Usukuchi Soy,2020-04-10T10:59:28Z,"€41,30"
Aibe,New York,Freedom,Pork Ham Prager,2020-04-23T19:37:24Z,"€9,20"
Ebay,Brussels,George's,"Thyme - Lemon, Fresh",2020-04-27T16:36:51Z,"€88,13"
Kwiki Mart,New York,Freedom,Tea - Jasmin Green,2020-04-27T05:05:19Z,"€29,04"
Wallmart,New York,Freedom,Potatoes - Peeled,2020-04-08T15:33:40Z,"€48,06"
Aibe,London,Laisves,Cheese - St. Andre,2020-04-05T06:24:40Z,"€34,56"
Wallmart,London,George's,Irish Cream - Baileys,2020-04-13T22:09:29Z,"€3,80"
Aibe,London,Laisves,Dawn Professionl Pot And Pan,2020-04-13T04:46:48Z,"€89,80"
Wallmart,New York,Freedom,Pork - Ground,2020-04-16T02:51:01Z,"€98,07"
Aibe,London,Freedom,"Wine - Mas Chicet Rose, Vintage",2020-04-01T01:42:13Z,"€91,47"
Wallmart,London,Laisves,Pork - Backs - Boneless,2020-04-26T18:16:33Z,"€98,31"
Kwiki Mart,New York,Freedom,Bread - Flat Bread,2020-04-20T12:11:21Z,"€8,67"
Kwiki Mart,Brussels,George's,Pasta - Ravioli,2020-04-19T16:30:57Z,"€72,81"
Ebay,Brussels,Laisves,Lotus Leaves,2020-04-02T06:22:28Z,"€50,94"
Lidl,New York,Freedom,"Pepsi, 355 Ml",2020-04-24T22:39:18Z,"€75,21"
Wallmart,Brussels,George's,Magnotta Bel Paese Red,2020-04-26T08:22:24Z,"€67,71"
Playtech,London,Laisves,Kiwano,2020-04-19T01:30:50Z,"€70,67"
Ebay,London,Freedom,"Bread - Rolls, Rye",2020-04-08T01:38:37Z,"€9,17"
Wallmart,New York,Freedom,Bread - Pain Au Liat X12,2020-04-24T00:41:14Z,"€59,97"
Kwiki Mart,London,Laisves,Pork - European Side Bacon,2020-04-05T09:59:37Z,"€47,91"
Wallmart,London,George's,Lobster - Tail 6 Oz,2020-04-04T17:15:32Z,"€75,02"
Lidl,Brussels,Laisves,Chef Hat 25cm,2020-04-19T15:02:07Z,"€60,89"
Lidl,Brussels,Laisves,"Appetizer - Spring Roll, Veg",2020-04-25T02:23:42Z,"€33,07"
Aibe,London,Laisves,Steampan Lid,2020-04-24T18:12:18Z,"€41,41"
Lidl,New York,Laisves,Bread Base - Italian,2020-04-22T00:02:15Z,"€0,21"
Ebay,New York,George's,Puree - Mango,2020-04-10T00:50:16Z,"€65,93"
Aibe,London,Freedom,"Tart Shells - Savory, 3",2020-04-21T02:47:05Z,"€79,13"
Kwiki Mart,New York,Laisves,Orange Roughy 6/8 Oz,2020-04-05T23:55:04Z,"€73,47"
Ebay,Brussels,George's,Salmon Steak - Cohoe 6 Oz,2020-04-05T17:36:37Z,"€48,58"
Wallmart,New York,Laisves,"Bread - Multigrain, Loaf",2020-04-13T07:06:20Z,"€52,48"
Lidl,New York,Freedom,Cookie Dough - Peanut Butter,2020-04-14T08:37:56Z,"€64,87"
Kwiki Mart,New York,George's,Calypso - Black Cherry Lemonade,2020-04-28T10:49:27Z,"€90,96"
Wallmart,New York,Laisves,Parasol Pick Stir Stick,2020-04-16T08:15:44Z,"€83,95"
Playtech,Brussels,George's,Garbag Bags - Black,2020-04-16T08:56:29Z,"€64,17"
Wallmart,London,Laisves,Wine - Sogrape Mateus Rose,2020-04-02T17:21:01Z,"€21,56"
Wallmart,London,George's,Higashimaru Usukuchi Soy,2020-04-22T00:42:41Z,"€14,45"
Kwiki Mart,New York,Freedom,"Quail - Whole, Bone - In",2020-04-10T14:26:09Z,"€27,88"
Lidl,London,George's,Beer - Creemore,2020-04-20T23:42:55Z,"€12,31"
Ebay,Brussels,Freedom,"Soup - Beef, Base Mix",2020-04-26T15:57:40Z,"€94,53"
Ebay,New York,Laisves,Breakfast Quesadillas,2020-04-21T17:57:38Z,"€59,38"
Wallmart,Brussels,Laisves,Smoked Tongue,2020-04-21T10:54:41Z,"€79,03"
Wallmart,Brussels,Laisves,Lobster - Tail 6 Oz,2020-04-14T22:10:47Z,"€10,47"
Lidl,London,Freedom,Veal - Loin,2020-04-07T15:05:58Z,"€12,52"
Playtech,New York,George's,"Chilli Paste, Sambal Oelek",2020-04-13T04:34:59Z,"€94,68"
Lidl,London,George's,Pomello,2020-04-08T08:35:11Z,"€11,23"
Lidl,Brussels,Laisves,Whmis - Spray Bottle Trigger,2020-04-27T11:56:04Z,"€63,23"
Wallmart,New York,George's,"Rum - Coconut, Malibu",2020-04-13T20:56:24Z,"€66,54"
Wallmart,Brussels,Laisves,Cookie Dough - Chocolate Chip,2020-04-16T15:21:21Z,"€33,23"
Kwiki Mart,Brussels,George's,Bagel - Whole White Sesame,2020-04-13T15:20:04Z,"€66,57"
Lidl,Brussels,George's,Creme De Banane - Marie,2020-04-29T21:39:43Z,"€54,66"
Aibe,London,Freedom,Cardamon Ground,2020-04-14T12:17:35Z,"€41,69"
Wallmart,London,Laisves,Quiche Assorted,2020-04-22T23:27:11Z,"€49,47"
Kwiki Mart,Brussels,George's,Grapefruit - White,2020-04-03T13:12:29Z,"€8,24"
Lidl,New York,George's,Foil - 4oz Custard Cup,2020-04-22T12:13:25Z,"€26,72"
Wallmart,New York,Laisves,Soup - Boston Clam Chowder,2020-04-29T07:05:57Z,"€17,30"
Ebay,London,Laisves,Table Cloth 53x53 White,2020-04-11T17:54:35Z,"€30,74"
Lidl,Brussels,Laisves,Persimmons,2020-04-26T08:46:39Z,"€18,45"
Ebay,Brussels,Laisves,Island Oasis - Lemonade,2020-04-19T12:28:22Z,"€11,88"
Wallmart,New York,George's,Chickensplit Half,2020-04-10T15:14:42Z,"€8,83"
Aibe,London,Freedom,Cranberries - Fresh,2020-04-13T09:52:07Z,"€8,62"
Ebay,New York,Laisves,Bread - Crusty Italian Poly,2020-04-27T15:25:24Z,"€14,30"
Lidl,London,Laisves,Mushroom - White Button,2020-04-03T04:03:14Z,"€45,61"
Wallmart,New York,Freedom,Bread Base - Goodhearth,2020-04-06T00:59:28Z,"€92,61"
Wallmart,London,George's,Grenadillo,2020-04-20T18:05:05Z,"€26,67"
Playtech,London,Laisves,Coffee - Egg Nog Capuccino,2020-04-07T21:45:26Z,"€54,67"
Kwiki Mart,London,Laisves,Table Cloth - 53x69 Colour,2020-04-01T09:31:00Z,"€12,16"
Wallmart,New York,George's,"Pork - Tenderloin, Frozen",2020-04-28T11:35:37Z,"€40,57"
Ebay,New York,Freedom,"Wine - White, Cooking",2020-04-21T05:39:11Z,"€87,09"
Lidl,London,Laisves,Foam Espresso Cup Plain White,2020-04-05T13:30:08Z,"€85,60"
Lidl,New York,Freedom,Veal - Knuckle,2020-04-26T04:28:07Z,"€85,53"
Kwiki Mart,Brussels,George's,Mix Pina Colada,2020-04-13T04:54:26Z,"€96,00"
Playtech,New York,Freedom,"Crab - Back Fin Meat, Canned",2020-04-19T15:33:50Z,"€48,56"
Lidl,London,Freedom,"Cheese - Woolwich Goat, Log",2020-04-17T23:38:51Z,"€85,66"
Lidl,London,Laisves,Wine - Peller Estates Late,2020-04-26T02:02:08Z,"€25,97"
Ebay,London,Freedom,Bowl 12 Oz - Showcase 92012,2020-04-28T23:43:58Z,"€5,22"
Playtech,New York,George's,Crackers - Soda / Saltins,2020-04-14T07:19:01Z,"€80,09"
Kwiki Mart,London,Laisves,Creme De Banane - Marie,2020-04-16T03:53:46Z,"€20,46"
Playtech,London,George's,Wine - Stoneliegh Sauvignon,2020-04-23T12:14:28Z,"€67,66"
Lidl,Brussels,Freedom,Yogurt - French Vanilla,2020-04-22T09:00:01Z,"€20,55"
Playtech,Brussels,Laisves,Spice - Montreal Steak Spice,2020-04-29T04:00:42Z,"€66,49"
Kwiki Mart,New York,George's,Sauerkraut,2020-04-14T04:54:50Z,"€20,34"
Playtech,London,George's,Steampan - Half Size Shallow,2020-04-03T08:31:09Z,"€57,30"
Ebay,New York,George's,Sauce - Soy Low Sodium - 3.87l,2020-04-20T06:28:27Z,"€40,90"
Playtech,London,George's,Noodles - Steamed Chow Mein,2020-04-25T18:05:24Z,"€54,40"
Kwiki Mart,New York,George's,Appetizer - Tarragon Chicken,2020-04-04T17:45:14Z,"€7,29"
Aibe,London,George's,Cake - Cheese Cake 9 Inch,2020-04-29T23:08:58Z,"€80,96"
Kwiki Mart,London,Freedom,Bacon Strip Precooked,2020-04-22T17:43:50Z,"€96,45"
Ebay,Brussels,George's,Pickles - Gherkins,2020-04-12T23:24:09Z,"€17,37"
Ebay,London,Laisves,Fuji Apples,2020-04-10T19:36:23Z,"€18,51"
Wallmart,London,George's,"Olives - Green, Pitted",2020-04-01T12:47:08Z,"€41,17"
Lidl,New York,Freedom,Wine - Manischewitz Concord,2020-04-11T17:15:35Z,"€48,02"
Aibe,New York,George's,Garam Marsala,2020-04-24T14:34:35Z,"€17,06"
Kwiki Mart,New York,George's,Fork - Plastic,2020-04-24T17:21:58Z,"€95,75"
Playtech,London,Freedom,Pasta - Cheese / Spinach Bauletti,2020-04-06T08:03:42Z,"€40,35"
Wallmart,New York,George's,Bread Crumbs - Panko,2020-04-14T04:44:26Z,"€56,97"
Playtech,London,Laisves,"Soup - Campbells, Butternut",2020-04-22T11:55:37Z,"€91,07"
Playtech,New York,Freedom,Cookies Cereal Nut,2020-04-16T23:42:39Z,"€2,89"
Ebay,New York,Laisves,"Juice - Cranberry, 341 Ml",2020-04-05T23:19:46Z,"€62,67"
Wallmart,Brussels,Freedom,Beef - Tender Tips,2020-04-25T19:17:01Z,"€49,57"
Aibe,New York,Laisves,Beer - Fruli,2020-04-19T12:18:57Z,"€75,38"
Wallmart,Brussels,Freedom,Flour - All Purpose,2020-04-26T18:28:13Z,"€41,17"
Ebay,Brussels,Laisves,Juice - Mango,2020-04-17T14:20:47Z,"€33,66"
Kwiki Mart,Brussels,Laisves,Tobasco Sauce,2020-04-07T10:15:49Z,"€34,46"
Playtech,Brussels,George's,Appetizer - Sausage Rolls,2020-04-16T02:24:12Z,"€46,17"
Playtech,London,George's,Table Cloth 62x114 White,2020-04-28T14:44:23Z,"€93,80"
Kwiki Mart,London,Freedom,Wine - Pinot Noir Stoneleigh,2020-04-06T05:40:14Z,"€85,22"
Aibe,London,Freedom,Squash - Pepper,2020-04-15T02:07:53Z,"€51,69"
Ebay,London,Laisves,Squid - Tubes / Tenticles 10/20,2020-04-10T23:55:34Z,"€77,92"
Playtech,London,Freedom,Tea - Honey Green Tea,2020-04-14T10:18:03Z,"€77,09"
Ebay,New York,Laisves,"Salmon - Atlantic, No Skin",2020-04-05T17:13:06Z,"€73,77"
Kwiki Mart,Brussels,George's,Momiji Oroshi Chili Sauce,2020-04-01T20:53:23Z,"€67,35"
Lidl,New York,Freedom,Crab - Meat,2020-04-07T06:35:54Z,"€70,23"
Aibe,Brussels,Laisves,"Lemonade - Island Tea, 591 Ml",2020-04-07T10:04:29Z,"€48,44"
Playtech,London,George's,Lettuce - Frisee,2020-04-16T22:43:02Z,"€12,72"
Playtech,Brussels,George's,The Pop Shoppe Pinapple,2020-04-01T06:11:20Z,"€32,70"
Wallmart,New York,Freedom,Corn Meal,2020-04-27T22:18:40Z,"€22,40"
Wallmart,London,Laisves,"Fish - Atlantic Salmon, Cold",2020-04-19T13:22:15Z,"€72,66"
Wallmart,London,George's,Flour - Whole Wheat,2020-04-07T11:35:23Z,"€49,41"
Ebay,London,George's,Tamarillo,2020-04-13T11:51:18Z,"€63,89"
Aibe,Brussels,George's,Figs,2020-04-04T12:38:55Z,"€51,13"
Aibe,New York,Laisves,Meldea Green Tea Liquor,2020-04-10T19:46:45Z,"€45,31"
Lidl,New York,Freedom,"Pasta - Cannelloni, Sheets, Fresh",2020-04-24T15:48:49Z,"€19,79"
Aibe,Brussels,Freedom,Muskox - French Rack,2020-04-27T03:08:57Z,"€39,57"
Playtech,Brussels,Freedom,Container - Clear 32 Oz,2020-04-25T21:38:23Z,"€43,45"
Wallmart,Brussels,George's,Bread - 10 Grain,2020-04-16T21:36:24Z,"€17,63"
Aibe,London,Freedom,Cookie Dough - Oatmeal Rasin,2020-04-15T03:36:12Z,"€25,52"
Aibe,Brussels,Laisves,"Mushroom - Oyster, Fresh",2020-04-26T00:33:48Z,"€7,20"
Wallmart,New York,Laisves,"Veal - Inside Round / Top, Lean",2020-04-16T05:59:20Z,"€25,84"
Playtech,New York,Laisves,Muffin Mix - Oatmeal,2020-04-29T03:17:26Z,"€8,61"
Wallmart,Brussels,Laisves,Oil - Sunflower,2020-04-22T15:48:09Z,"€99,00"
Lidl,Brussels,George's,Wine - Toasted Head,2020-04-12T17:21:31Z,"€73,96"
Playtech,New York,Freedom,"Pepsi, 355 Ml",2020-04-06T21:44:01Z,"€10,34"
Lidl,New York,Freedom,Sour Puss Raspberry,2020-04-02T13:50:23Z,"€57,45"
Playtech,Brussels,Freedom,Wine - Conde De Valdemar,2020-04-16T07:45:25Z,"€15,78"
Wallmart,Brussels,George's,Straw - Regular,2020-04-29T00:48:53Z,"€54,38"
Lidl,New York,Laisves,Island Oasis - Magarita Mix,2020-04-05T15:18:43Z,"€90,48"
Kwiki Mart,London,Freedom,"Pork - Loin, Bone - In",2020-04-18T21:06:50Z,"€51,72"
Playtech,Brussels,Laisves,Beef - Ox Tongue,2020-04-06T08:31:19Z,"€1,34"
Ebay,New York,George's,Sambuca - Opal Nera,2020-04-20T00:00:21Z,"€55,23"
Lidl,Brussels,Laisves,"Tray - Foam, Square 4 - S",2020-04-03T05:38:40Z,"€45,94"
Aibe,New York,Freedom,Milk - Condensed,2020-04-13T08:39:05Z,"€29,37"
Ebay,Brussels,George's,Breakfast Quesadillas,2020-04-12T17:19:31Z,"€44,29"
Lidl,New York,Laisves,Guava,2020-04-27T13:51:50Z,"€29,49"
Lidl,Brussels,Laisves,"Wine - Magnotta, Merlot Sr Vqa",2020-04-01T04:22:49Z,"€49,50"
Kwiki Mart,London,Freedom,Appetizer - Assorted Box,2020-04-01T23:56:13Z,"€31,65"
Lidl,Brussels,Freedom,Bread - Bistro Sour,2020-04-10T15:02:51Z,"€12,91"
Kwiki Mart,New York,Laisves,Chick Peas - Dried,2020-04-16T10:50:02Z,"€68,58"
Playtech,New York,Laisves,Tomatoes - Cherry,2020-04-11T00:04:23Z,"€41,51"
Playtech,London,Laisves,Cinnamon - Stick,2020-04-17T10:54:59Z,"€38,22"
Playtech,New York,Laisves,"Veal - Round, Eye Of",2020-04-05T10:15:09Z,"€93,82"
Wallmart,Brussels,George's,Squid - U - 10 Thailand,2020-04-15T15:35:08Z,"€61,15"
Ebay,Brussels,Laisves,"Bread - Rolls, Rye",2020-04-12T16:19:10Z,"€25,27"
Playtech,Brussels,Freedom,"Noodles - Cellophane, Thin",2020-04-07T08:02:55Z,"€48,15"
Wallmart,London,Freedom,Tuna - Loin,2020-04-13T02:17:48Z,"€8,71"
Ebay,London,Freedom,Sauce - Marinara,2020-04-07T20:58:13Z,"€34,63"
Kwiki Mart,New York,Laisves,Beets - Mini Golden,2020-04-15T09:12:45Z,"€91,29"
Ebay,New York,George's,Dried Cranberries,2020-04-06T19:32:19Z,"€18,04"
Aibe,London,George's,"Fish - Halibut, Cold Smoked",2020-04-03T10:47:13Z,"€42,25"
Aibe,New York,Laisves,Instant Coffee,2020-04-10T08:43:02Z,"€47,99"
Lidl,London,George's,"Appetizer - Mini Egg Roll, Shrimp",2020-04-25T03:15:42Z,"€23,27"
Ebay,London,Freedom,Wine - Barbera Alba Doc 2001,2020-04-06T14:06:36Z,"€50,99"
Playtech,London,Freedom,Poppy Seed,2020-04-13T02:40:28Z,"€3,54"
Playtech,London,Freedom,Kiwi,2020-04-14T02:14:26Z,"€63,04"
Lidl,London,Laisves,Nori Sea Weed - Gold Label,2020-04-04T05:22:22Z,"€39,39"
Ebay,London,Freedom,Ice Cream Bar - Drumstick,2020-04-15T17:04:40Z,"€56,76"
Kwiki Mart,Brussels,Freedom,Apple - Fuji,2020-04-10T17:12:22Z,"€70,58"
Wallmart,London,Freedom,Yams,2020-04-04T00:06:23Z,"€41,99"
Aibe,New York,Laisves,Soup - Campbells - Chicken Noodle,2020-04-13T15:52:32Z,"€72,07"
Aibe,Brussels,Freedom,Parasol Pick Stir Stick,2020-04-06T18:37:56Z,"€88,96"
Lidl,Brussels,Laisves,"Chilli Paste, Sambal Oelek",2020-04-29T21:29:36Z,"€53,24"
Lidl,Brussels,George's,Beer - Blue Light,2020-04-18T06:19:53Z,"€87,34"
Wallmart,New York,Laisves,Wine - Casablanca Valley,2020-04-15T00:19:41Z,"€35,66"
Kwiki Mart,London,George's,Bread Roll Foccacia,2020-04-26T10:44:21Z,"€15,84"
Lidl,New York,Freedom,Lettuce - Boston Bib - Organic,2020-04-28T18:12:38Z,"€39,70"
Playtech,Brussels,Laisves,"Chilli Paste, Sambal Oelek",2020-04-03T19:26:30Z,"€80,16"
Playtech,New York,George's,Cake - Mini Cheesecake,2020-04-22T11:44:42Z,"€60,18"
Aibe,New York,Freedom,Garlic - Peeled,2020-04-17T03:24:02Z,"€17,65"
Ebay,London,George's,Ocean Spray - Kiwi Strawberry,2020-04-07T01:34:48Z,"€2,87"
Playtech,Brussels,Laisves,Chocolate Eclairs,2020-04-16T23:58:02Z,"€87,08"
Playtech,London,Laisves,Tuna - Yellowfin,2020-04-23T21:45:38Z,"€78,87"
Playtech,New York,Freedom,"Quail - Eggs, Fresh",2020-04-07T21:14:07Z,"€95,20"
Lidl,New York,Freedom,Lettuce Romaine Chopped,2020-04-09T15:52:52Z,"€48,50"
Ebay,London,Laisves,The Pop Shoppe - Grape,2020-04-16T20:16:12Z,"€29,64"
Wallmart,New York,George's,"Tabasco Sauce, 2 Oz",2020-04-13T08:41:12Z,"€8,53"
Playtech,Brussels,Freedom,Dome Lid Clear P92008h,2020-04-23T06:02:55Z,"€72,78"
Ebay,New York,George's,Cookies - Assorted,2020-04-16T07:29:37Z,"€15,84"
Lidl,New York,Laisves,Wine - Alicanca Vinho Verde,2020-04-03T20:45:45Z,"€15,05"
Aibe,London,Freedom,Latex Rubber Gloves Size 9,2020-04-11T20:23:06Z,"€78,96"
Lidl,Brussels,Laisves,Buttons,2020-04-07T09:00:10Z,"€31,78"
Wallmart,New York,Freedom,Cheese - Goat,2020-04-19T03:30:51Z,"€21,69"
Aibe,Brussels,Freedom,Creamers - 10%,2020-04-12T22:06:03Z,"€33,80"
Aibe,Brussels,Laisves,Chicken - Whole,2020-04-25T19:22:41Z,"€90,14"
Aibe,London,Laisves,Cleaner - Pine Sol,2020-04-21T12:48:49Z,"€18,25"
Ebay,Brussels,George's,Cheese - Cottage Cheese,2020-04-11T04:52:18Z,"€96,22"
Kwiki Mart,New York,George's,"Wine - White, Gewurtzraminer",2020-04-07T22:12:57Z,"€17,16"
Aibe,Brussels,George's,Energy - Boo - Koo,2020-04-07T01:39:32Z,"€96,29"
Kwiki Mart,New York,Freedom,"Vermouth - Sweet, Cinzano",2020-04-08T22:23:41Z,"€50,76"
Wallmart,Brussels,Laisves,Muffin Batt - Choc Chk,2020-04-05T04:51:14Z,"€43,52"
Lidl,London,Freedom,Muffin Batt - Choc Chk,2020-04-27T08:55:10Z,"€84,84"
Aibe,New York,Freedom,Ice Cream - Chocolate,2020-04-07T10:57:11Z,"€28,86"
Aibe,Brussels,Laisves,"Beets - Candy Cane, Organic",2020-04-27T21:03:38Z,"€63,33"
Wallmart,Brussels,Freedom,"Juice - Pineapple, 48 Oz",2020-04-29T06:33:31Z,"€54,31"
Wallmart,London,George's,"Beef - Tongue, Fresh",2020-04-24T11:01:15Z,"€34,23"
Aibe,Brussels,George's,Bagelers - Cinn / Brown,2020-04-26T03:22:06Z,"€44,41"
Lidl,London,Laisves,Ecolab Digiclean Mild Fm,2020-04-04T14:41:52Z,"€2,20"
Playtech,New York,Laisves,Cookies - Englishbay Oatmeal,2020-04-24T23:24:21Z,"€63,89"
Wallmart,London,George's,"Water, Tap",2020-04-16T11:27:42Z,"€13,26"
Wallmart,New York,Freedom,Tea - Decaf 1 Cup,2020-04-15T22:36:01Z,"€44,19"
Aibe,Brussels,Freedom,Soup Campbells Beef With Veg,2020-04-29T08:21:31Z,"€50,61"
Playtech,New York,Freedom,"Cod - Salted, Boneless",2020-04-02T12:22:41Z,"€41,21"
Playtech,Brussels,Freedom,"Nut - Hazelnut, Whole",2020-04-12T09:28:42Z,"€71,76"
Wallmart,Brussels,George's,Evaporated Milk - Skim,2020-04-08T07:45:12Z,"€67,04"
Wallmart,New York,George's,Mushroom Morel Fresh,2020-04-23T19:44:34Z,"€19,51"
Aibe,New York,Laisves,Milk - Homo,2020-04-12T22:24:05Z,"€79,00"
Wallmart,New York,George's,Durian Fruit,2020-04-05T14:13:59Z,"€99,38"
Lidl,London,Freedom,Ecolab Digiclean Mild Fm,2020-04-10T18:58:16Z,"€39,50"
Ebay,New York,Freedom,"Juice - Orange, Concentrate",2020-04-13T19:09:25Z,"€93,21"
Wallmart,New York,Laisves,"Bread - Rolls, Corn",2020-04-29T22:49:02Z,"€61,20"
Lidl,Brussels,George's,Apple - Custard,2020-04-09T02:40:43Z,"€60,46"
Playtech,New York,Laisves,Eggs - Extra Large,2020-04-12T17:03:25Z,"€35,08"
Wallmart,Brussels,Laisves,Beer - Upper Canada Lager,2020-04-20T06:52:29Z,"€76,94"
Ebay,London,George's,Chervil - Fresh,2020-04-13T16:37:55Z,"€29,50"
Ebay,Brussels,George's,Cookies - Englishbay Wht,2020-04-06T16:05:52Z,"€0,38"
Kwiki Mart,Brussels,George's,Coffee Beans - Chocolate,2020-04-01T03:51:28Z,"€28,16"
Playtech,London,George's,Crackers - Water,2020-04-11T13:01:09Z,"€63,45"
Aibe,Brussels,Freedom,"Water - Mineral, Carbonated",2020-04-19T16:14:17Z,"€15,09"
Aibe,London,George's,Nescafe - Frothy French Vanilla,2020-04-04T03:55:03Z,"€98,94"
Kwiki Mart,London,George's,Wine - Rosso Toscano Igt,2020-04-21T04:26:26Z,"€32,13"
Wallmart,New York,Laisves,Scallops - Live In Shell,2020-04-23T20:32:05Z,"€44,16"
Wallmart,London,George's,Bagel - Everything Presliced,2020-04-27T20:11:25Z,"€10,11"
Wallmart,Brussels,Laisves,Green Tea Refresher,2020-04-15T13:54:27Z,"€87,52"
Playtech,New York,George's,Table Cloth 81x81 Colour,2020-04-04T08:02:42Z,"€36,73"
Ebay,New York,George's,Beef Ground Medium,2020-04-24T15:59:42Z,"€43,82"
Wallmart,London,George's,"Tortillas - Flour, 12",2020-04-03T05:25:15Z,"€79,90"
Wallmart,Brussels,George's,Molasses - Fancy,2020-04-19T10:54:13Z,"€2,36"
Aibe,Brussels,Freedom,Carbonated Water - Strawberry,2020-04-15T09:59:32Z,"€93,96"
Lidl,New York,George's,Sprite - 355 Ml,2020-04-07T15:45:04Z,"€64,85"
Wallmart,London,Freedom,Milk - Chocolate 250 Ml,2020-04-25T12:23:03Z,"€38,61"
Playtech,Brussels,George's,"Veal - Round, Eye Of",2020-04-02T06:24:56Z,"€78,86"
Wallmart,New York,Freedom,Shrimp - 100 / 200 Cold Water,2020-04-24T12:12:02Z,"€73,09"
Playtech,London,George's,Nougat - Paste / Cream,2020-04-26T23:40:03Z,"€61,60"
Kwiki Mart,London,Laisves,Muffin Orange Individual,2020-04-19T23:44:09Z,"€42,31"
Aibe,New York,George's,Cake - Dulce De Leche,2020-04-09T08:47:44Z,"€12,72"
Wallmart,London,George's,"Pepper - Chipotle, Canned",2020-04-12T14:47:34Z,"€57,65"
Lidl,London,George's,Veal - Striploin,2020-04-16T16:44:52Z,"€97,27"
Wallmart,Brussels,Laisves,Blueberries - Frozen,2020-04-18T09:25:02Z,"€42,99"
Kwiki Mart,New York,Laisves,"Coconut - Shredded, Unsweet",2020-04-18T22:18:16Z,"€74,20"
Kwiki Mart,New York,Freedom,"Rice Pilaf, Dry,package",2020-04-29T23:54:16Z,"€16,92"
Wallmart,New York,George's,Sauce - Demi Glace,2020-04-19T09:40:33Z,"€64,15"
Lidl,Brussels,Laisves,Corn Kernels - Frozen,2020-04-14T00:18:35Z,"€66,98"
Playtech,Brussels,George's,"Beets - Candy Cane, Organic",2020-04-29T19:43:02Z,"€21,82"
Ebay,London,George's,"Veal - Inside, Choice",2020-04-10T12:10:06Z,"€10,65"
Playtech,Brussels,George's,Creme De Menth - White,2020-04-13T09:20:05Z,"€7,41"
Aibe,London,Freedom,Soup - Campbells Asian Noodle,2020-04-24T10:08:01Z,"€44,11"
Aibe,London,Laisves,Peach - Fresh,2020-04-19T15:28:20Z,"€99,97"
Playtech,London,Laisves,Jolt Cola,2020-04-24T02:04:16Z,"€8,68"
Lidl,London,Freedom,Jicama,2020-04-26T18:48:26Z,"€32,29"
Aibe,Brussels,Laisves,Beef Cheek Fresh,2020-04-07T23:28:14Z,"€52,37"
Ebay,London,George's,"Bread - Bagels, Mini",2020-04-27T05:05:46Z,"€13,00"
Aibe,New York,Laisves,Squid - Tubes / Tenticles 10/20,2020-04-09T13:38:01Z,"€56,49"
Lidl,Brussels,George's,Cake - Cake Sheet Macaroon,2020-04-25T06:42:36Z,"€81,63"
Kwiki Mart,Brussels,Laisves,Black Currants,2020-04-01T07:53:56Z,"€62,22"
Playtech,New York,George's,Chocolate - Liqueur Cups With Foil,2020-04-04T22:19:36Z,"€43,21"
Wallmart,New York,Freedom,Cheese - Goat With Herbs,2020-04-10T20:18:21Z,"€38,14"
Kwiki Mart,Brussels,Laisves,Kellogs Special K Cereal,2020-04-14T03:02:52Z,"€85,00"
Wallmart,London,Laisves,"Wine - Magnotta - Red, Baco",2020-04-22T06:52:09Z,"€63,17"
Ebay,London,George's,"Cake Circle, Paprus",2020-04-26T01:43:45Z,"€42,37"
Playtech,London,Laisves,Tart - Lemon,2020-04-20T00:02:21Z,"€86,43"
Kwiki Mart,London,George's,Wine - Alicanca Vinho Verde,2020-04-29T17:59:40Z,"€98,31"
Wallmart,Brussels,George's,Pail For Lid 1537,2020-04-23T05:21:39Z,"€48,63"
Ebay,London,Freedom,"Iced Tea - Lemon, 340ml",2020-04-25T02:17:15Z,"€50,59"
Kwiki Mart,London,Laisves,Beer - Sleemans Honey Brown,2020-04-17T10:40:26Z,"€86,25"
Playtech,Brussels,Freedom,"Nut - Walnut, Chopped",2020-04-13T08:34:43Z,"€2,70"
Aibe,New York,Laisves,Crackers Cheez It,2020-04-04T15:57:02Z,"€32,72"
Playtech,New York,George's,Veal - Striploin,2020-04-15T16:52:37Z,"€82,93"
Kwiki Mart,Brussels,George's,Oil - Hazelnut,2020-04-02T14:40:34Z,"€46,78"
Lidl,New York,Freedom,Flower - Commercial Spider,2020-04-03T20:18:19Z,"€16,74"
Kwiki Mart,Brussels,Laisves,Tomato Paste,2020-04-17T18:25:18Z,"€84,20"
Wallmart,New York,Laisves,Marjoram - Fresh,2020-04-03T02:58:02Z,"€70,88"
Kwiki Mart,Brussels,Laisves,Parsley - Dried,2020-04-18T12:15:36Z,"€23,92"
Aibe,London,Laisves,"Wine - Red, Colio Cabernet",2020-04-12T02:05:03Z,"€29,08"
Lidl,Brussels,Laisves,Coffee - Egg Nog Capuccino,2020-04-11T00:17:53Z,"€67,60"
Playtech,New York,Freedom,Curry Powder,2020-04-23T00:21:20Z,"€89,79"
Lidl,Brussels,George's,Bouillion - Fish,2020-04-03T17:35:31Z,"€60,01"
Wallmart,London,George's,"Capon - Breast, Double, Wing On",2020-04-18T17:06:45Z,"€93,12"
Kwiki Mart,Brussels,George's,Raspberries - Fresh,2020-04-05T19:06:20Z,"€55,08"
Ebay,New York,George's,Ginsing - Fresh,2020-04-05T16:01:31Z,"€90,78"
Lidl,Brussels,Laisves,"Wine - Red, Lurton Merlot De",2020-04-22T01:05:11Z,"€48,01"
Playtech,Brussels,Laisves,Clams - Canned,2020-04-20T05:39:45Z,"€1,04"
Aibe,Brussels,Laisves,Cheese - Mozzarella,2020-04-13T22:03:01Z,"€10,41"
Kwiki Mart,New York,Freedom,Cheese - Goat,2020-04-10T11:09:04Z,"€75,20"
Kwiki Mart,Brussels,George's,Mussels - Cultivated,2020-04-12T14:25:53Z,"€91,20"
Kwiki Mart,London,Freedom,Chocolate Liqueur - Godet White,2020-04-15T22:53:32Z,"€23,57"
Wallmart,New York,Laisves,Beer - Labatt Blue,2020-04-04T02:19:17Z,"€2,88"
Lidl,Brussels,George's,Beans - French,2020-04-26T23:01:34Z,"€77,66"
Ebay,New York,George's,Langers - Ruby Red Grapfruit,2020-04-18T01:21:23Z,"€27,09"
Kwiki Mart,Brussels,Laisves,Island Oasis - Mango Daiquiri,2020-04-13T00:25:59Z,"€55,54"
Playtech,London,George's,Fireball Whisky,2020-04-24T20:11:05Z,"€91,82"
Lidl,Brussels,Laisves,Shark - Loin,2020-04-19T15:40:29Z,"€68,97"
Lidl,Brussels,Freedom,Jicama,2020-04-04T00:05:32Z,"€71,05"
Aibe,Brussels,Freedom,Steam Pan Full Lid,2020-04-03T01:51:09Z,"€55,86"
Wallmart,New York,Freedom,Heavy Duty Dust Pan,2020-04-18T00:10:13Z,"€72,10"
Aibe,London,Freedom,"Veal - Tenderloin, Untrimmed",2020-04-18T01:16:50Z,"€22,32"
Lidl,London,Freedom,Vanilla Beans,2020-04-27T12:22:55Z,"€31,18"
Lidl,Brussels,Laisves,Maintenance Removal Charge,2020-04-22T08:21:24Z,"€65,73"
Wallmart,New York,Laisves,Wine - Pinot Noir Pond Haddock,2020-04-04T17:10:45Z,"€49,61"
Ebay,London,George's,Cookies - Englishbay Chochip,2020-04-02T00:19:50Z,"€80,19"
Kwiki Mart,London,Laisves,Yams,2020-04-27T23:38:19Z,"€70,35"
Wallmart,Brussels,George's,"Yogurt - Strawberry, 175 Gr",2020-04-22T23:37:44Z,"€83,25"
Aibe,New York,George's,Tomatoes - Hot House,2020-04-11T05:56:53Z,"€13,83"
Aibe,New York,George's,Calypso - Pineapple Passion,2020-04-24T01:30:17Z,"€67,08"
Lidl,New York,George's,Soup - Campbells Mac N Cheese,2020-04-27T00:04:27Z,"€13,30"
